rep,Model,MAE,bias,RMSE,source_threshold
0,Logistic regression,0.03373437499999997,-0.03373437499999997,0.036759210155415445,0.6008223005895383
0,HistGradientBoosting,0.00623750000000001,-0.0026374999999999697,0.008687868697212215,0.6472674258429744
1,Logistic regression,0.014121874999999989,0.012446874999999965,0.015782115075299613,0.6339258120656261
1,HistGradientBoosting,0.023871874999999983,-0.023290624999999978,0.02967035294279459,0.6567735568875039
2,Logistic regression,0.025324999999999976,0.025324999999999976,0.026696108096499742,0.6278936362489325
2,HistGradientBoosting,0.026896874999999987,-0.026896874999999987,0.027564625768364777,0.6400114790607492
3,Logistic regression,0.11100312500000002,-0.11100312500000002,0.11113371239749892,0.5741476735601801
3,HistGradientBoosting,0.062475,-0.062475,0.0628057272468045,0.6192291346578853
4,Logistic regression,0.012781250000000018,-0.009250000000000033,0.014736784333768349,0.6188640512762875
4,HistGradientBoosting,0.00680937500000002,0.006190625000000019,0.009697237042065147,0.6637890878039954
5,Logistic regression,0.07096875,-0.07096875,0.07179346462248495,0.5865585335115012
5,HistGradientBoosting,0.029053124999999982,-0.029053124999999982,0.03000773598174309,0.6351896133463246
6,Logistic regression,0.0064906249999999895,0.0010468749999999576,0.008098813570517588,0.6119664257456865
6,HistGradientBoosting,0.008499999999999997,-0.0020624999999999914,0.011104869427417867,0.648568357573443
7,Logistic regression,0.027778124999999966,-0.027778124999999966,0.029788370738427408,0.6166551762915167
7,HistGradientBoosting,0.02264999999999998,0.022074999999999973,0.025684108656910766,0.6776880140383713
8,Logistic regression,0.03451562499999996,-0.03451562499999996,0.03530275529261133,0.6105765160116674
8,HistGradientBoosting,0.013003124999999977,-0.008865624999999967,0.015305927160743945,0.6547763080390545
9,Logistic regression,0.014228124999999984,-0.014140624999999987,0.016518308970654327,0.6211154658197556
9,HistGradientBoosting,0.01867812499999998,-0.017759374999999984,0.021741733342813294,0.6397990423204258
10,Logistic regression,0.045403125,0.045403125,0.046196179833942974,0.6260703436688829
10,HistGradientBoosting,0.011815624999999975,0.011815624999999975,0.012776522658767492,0.654104411782154
11,Logistic regression,0.06847812500000003,0.06847812500000003,0.0710537483617156,0.6443539810985199
11,HistGradientBoosting,0.02348749999999999,-0.02036874999999998,0.02743746298402969,0.6594990563656238
12,Logistic regression,0.010803124999999962,0.005546874999999972,0.011766338374787595,0.5922443834187413
12,HistGradientBoosting,0.016146874999999967,0.015815624999999955,0.017595707040355003,0.646799563332652
13,Logistic regression,0.031053124999999973,-0.031053124999999973,0.03167617154502732,0.6114181279155115
13,HistGradientBoosting,0.010728124999999974,-0.009203124999999968,0.01300249375120017,0.6472126000366296
14,Logistic regression,0.011774999999999983,0.006199999999999973,0.014105639386429794,0.6356544123967603
14,HistGradientBoosting,0.008049999999999984,-0.004768749999999964,0.009362658543383908,0.6710116426491126
15,Logistic regression,0.016115624999999977,0.015903124999999973,0.01842107743184419,0.6298266272701745
15,HistGradientBoosting,0.023856249999999978,-0.023856249999999978,0.026408604184999993,0.65700229558711
16,Logistic regression,0.10527187500000001,-0.10527187500000001,0.10650851565133186,0.5795411659997212
16,HistGradientBoosting,0.04301249999999999,-0.04301249999999999,0.04434450008174632,0.629823317195308
17,Logistic regression,0.05586562499999999,-0.05586562499999999,0.056611445673556145,0.6132880422673437
17,HistGradientBoosting,0.055759375000000014,-0.055759375000000014,0.05747046388145829,0.6380282976912356
18,Logistic regression,0.025634374999999987,-0.025634374999999987,0.027706297230954538,0.6151057913130593
18,HistGradientBoosting,0.031812499999999994,-0.030831249999999987,0.03582386599740457,0.6539552039866238
19,Logistic regression,0.007640624999999974,0.00675937499999996,0.010578006369349543,0.5980560841422179
19,HistGradientBoosting,0.008340624999999973,-0.008271874999999967,0.01093009749499058,0.6266763726778436
20,Logistic regression,0.007806249999999973,-0.00011250000000002924,0.009059749582631936,0.624778801523351
20,HistGradientBoosting,0.038246874999999986,-0.038246874999999986,0.039490392423347724,0.6468594026117036
21,Logistic regression,0.012834374999999999,-0.009159375000000029,0.017238460814411473,0.6025465819576308
21,HistGradientBoosting,0.011081249999999997,-0.00616249999999997,0.016176777336663804,0.6512715017808507
22,Logistic regression,0.015262499999999988,-0.015262499999999988,0.016784991435803576,0.6241253703637509
22,HistGradientBoosting,0.025134374999999973,-0.025134374999999973,0.026916993354570616,0.6537048567218648
23,Logistic regression,0.008453124999999985,0.004153124999999973,0.010735608098752472,0.6147174428503638
23,HistGradientBoosting,0.02163749999999996,0.02163749999999996,0.025504417509521725,0.6521005502509211
24,Logistic regression,0.03090312499999999,0.03090312499999999,0.03216575479061543,0.6379749872880739
24,HistGradientBoosting,0.02113125,-0.008756249999999962,0.026154014988142817,0.670988615839938
25,Logistic regression,0.03347499999999999,0.03347499999999999,0.03533420792942725,0.6247238232078879
25,HistGradientBoosting,0.04147812499999999,-0.04147812499999999,0.041893725290907215,0.6180825691476094
26,Logistic regression,0.013315625000000001,0.005921874999999962,0.016105855883808223,0.626292019600049
26,HistGradientBoosting,0.06490937500000002,-0.06490937500000002,0.06774904865568226,0.6353437762782688
27,Logistic regression,0.03295624999999998,-0.03295624999999998,0.036678169597186804,0.5921473098546556
27,HistGradientBoosting,0.031278124999999976,-0.031278124999999976,0.032401400914929566,0.6188465212557994
28,Logistic regression,0.0053625000000000166,-0.003368750000000049,0.007076567847480899,0.6021362857633207
28,HistGradientBoosting,0.004471874999999997,-0.0017218749999999665,0.0052133692320801405,0.6542830959208988
29,Logistic regression,0.020218749999999994,-0.01959375,0.02447640445408596,0.6121843300819667
29,HistGradientBoosting,0.010643749999999997,-0.0015687499999999764,0.012433560934020467,0.6610182260206032
30,Logistic regression,0.036421874999999965,-0.036421874999999965,0.037560033196870284,0.6066041479090016
30,HistGradientBoosting,0.050159375000000006,-0.050159375000000006,0.05146420023909826,0.6307945558399772
31,Logistic regression,0.06550624999999999,-0.06550624999999999,0.06589670894665378,0.6024531115388908
31,HistGradientBoosting,0.05510625000000001,-0.05510625000000001,0.05941414499090264,0.6259123047906712
32,Logistic regression,0.008853125000000003,-0.001859375000000045,0.010768537795355509,0.618278834593738
32,HistGradientBoosting,0.017574999999999976,-0.017574999999999976,0.018627491444099475,0.653112482627511
33,Logistic regression,0.071921875,-0.071921875,0.07304175710680844,0.5907419092787729
33,HistGradientBoosting,0.044278125,-0.044278125,0.04630408830492184,0.6230025103323471
34,Logistic regression,0.05579374999999998,-0.05579374999999998,0.057147864680143545,0.5981859508674736
34,HistGradientBoosting,0.01875312499999998,-0.018421874999999976,0.022137979949625013,0.6444205534437608
35,Logistic regression,0.020365624999999977,-0.020365624999999977,0.021519471560658705,0.6072364844370104
35,HistGradientBoosting,0.013196874999999976,-0.01312187499999997,0.016397937179718648,0.6454952468672523
36,Logistic regression,0.05450937499999998,-0.05450937499999998,0.0547398692111152,0.6056868747993833
36,HistGradientBoosting,0.027346874999999982,-0.027346874999999982,0.028131846388923694,0.6554276573073801
37,Logistic regression,0.015037499999999992,-0.014318749999999995,0.01765662057133243,0.6138725206991198
37,HistGradientBoosting,0.06615312500000001,-0.06615312500000001,0.06909933406878827,0.6345744508053703
38,Logistic regression,0.043828124999999975,-0.043828124999999975,0.04442651059615191,0.5965985790595028
38,HistGradientBoosting,0.02267812499999999,0.02267812499999999,0.02410120264115464,0.6657931699579851
39,Logistic regression,0.015281250000000007,-0.015043750000000012,0.01693079664398578,0.6236789254554453
39,HistGradientBoosting,0.02704999999999999,-0.02362499999999998,0.03165150569088301,0.6656162840845529
40,Logistic regression,0.047637500000000006,0.047637500000000006,0.048655851395284416,0.618303623430326
40,HistGradientBoosting,0.023115624999999973,-0.023115624999999973,0.0239619783459129,0.6500445049628575
41,Logistic regression,0.020062499999999983,0.020062499999999983,0.02112218176467572,0.6165413875522106
41,HistGradientBoosting,0.013674999999999975,-0.012618749999999974,0.01662157859530795,0.6350430526550975
42,Logistic regression,0.029256249999999966,-0.029256249999999966,0.031921989873753144,0.6085041202655141
42,HistGradientBoosting,0.022399999999999965,0.022399999999999965,0.023384743958401566,0.6598524102729082
43,Logistic regression,0.06934375,-0.06934375,0.07025349190609674,0.5931112131487186
43,HistGradientBoosting,0.07263437500000003,-0.07263437500000003,0.07401115730921928,0.6275744345236627
44,Logistic regression,0.019971875,-0.019971875,0.023278037530041044,0.6076898962995985
44,HistGradientBoosting,0.055078124999999985,0.055078124999999985,0.05565798600605306,0.6724696179254512
45,Logistic regression,0.027309374999999986,0.027309374999999986,0.030270899288755856,0.6232738478134379
45,HistGradientBoosting,0.012649999999999988,-0.002081249999999965,0.015117932232947724,0.6684542633489465
46,Logistic regression,0.004706250000000006,-0.0026437500000000454,0.0066856656362698965,0.6011936304274125
46,HistGradientBoosting,0.03719062499999998,-0.03719062499999998,0.038651691829077794,0.6313229557204817
47,Logistic regression,0.02903749999999996,-0.02903749999999996,0.030322088689600485,0.6072217822169972
47,HistGradientBoosting,0.048640625,-0.048640625,0.05020166674274869,0.6418547561675161
48,Logistic regression,0.007450000000000023,-0.007056250000000031,0.00980812800691346,0.6074646686098428
48,HistGradientBoosting,0.015003124999999985,0.011896875000000001,0.01797032710470234,0.6809388035389969
49,Logistic regression,0.04549687499999999,0.04549687499999999,0.04910883162680619,0.617761549192942
49,HistGradientBoosting,0.04545624999999997,0.04545624999999997,0.047922825328855535,0.6733824645807415
50,Logistic regression,0.03154999999999997,-0.03154999999999997,0.03351344413067684,0.6105588031872689
50,HistGradientBoosting,0.011003124999999996,-0.004028124999999966,0.013599040637118484,0.6549707200688069
51,Logistic regression,0.017424999999999996,-0.017424999999999996,0.01876809127215657,0.6060597092863559
51,HistGradientBoosting,0.03329374999999998,-0.03329374999999998,0.036265953386061686,0.6408080948867829
52,Logistic regression,0.06899062499999997,-0.06899062499999997,0.06975609180387042,0.615971288693835
52,HistGradientBoosting,0.02716562499999997,0.02716562499999997,0.02826132792793004,0.6869470250122587
53,Logistic regression,0.01788437499999997,0.01788437499999997,0.020029770811219958,0.608693225438336
53,HistGradientBoosting,0.013174999999999982,-0.009381249999999963,0.01951712389159835,0.6359331406465378
54,Logistic regression,0.09809375000000001,-0.09809375000000001,0.09861188759475199,0.5782491550614792
54,HistGradientBoosting,0.08965312500000003,-0.08965312500000003,0.09073269032575858,0.6236202222067749
55,Logistic regression,0.03424687499999999,0.03424687499999999,0.036501397661596456,0.6366133205186282
55,HistGradientBoosting,0.020506249999999976,-0.01968124999999997,0.023040331486330636,0.6400526827612859
56,Logistic regression,0.014478124999999977,0.014128124999999974,0.016419667132740526,0.6089127996121131
56,HistGradientBoosting,0.010121874999999999,0.001215625000000043,0.012191166115265599,0.66023003229776
57,Logistic regression,0.016196874999999996,-0.016078125000000002,0.01791015337036508,0.6154079918288344
57,HistGradientBoosting,0.04000624999999998,-0.04000624999999998,0.04661468049338104,0.6560852513605959
58,Logistic regression,0.04419999999999997,-0.04419999999999997,0.04450830680895418,0.6045017639783481
58,HistGradientBoosting,0.01747187499999998,0.017178124999999985,0.021259325159797508,0.6750187578744677
59,Logistic regression,0.009437499999999988,0.0023562499999999695,0.010481904049360486,0.6097162919436472
59,HistGradientBoosting,0.005071875,0.0014468750000000176,0.006676837293958864,0.6544682005612275
60,Logistic regression,0.00938124999999997,0.00938124999999997,0.010931033802893462,0.6149961986410422
60,HistGradientBoosting,0.04788125,-0.04788125,0.04949833961861751,0.6409424582834441
61,Logistic regression,0.07918437500000003,0.07918437500000003,0.07965486586675044,0.6501859441654814
61,HistGradientBoosting,0.019893750000000005,-0.007843749999999965,0.023737180750881097,0.6754912578733813
62,Logistic regression,0.03640624999999996,-0.03640624999999996,0.03730748081819513,0.609983658336922
62,HistGradientBoosting,0.016871874999999988,0.016871874999999988,0.019684158446578292,0.6790647928033904
63,Logistic regression,0.015609375000000002,0.00811562499999996,0.018665271060180177,0.6073804655785425
63,HistGradientBoosting,0.012006249999999982,-0.009387499999999972,0.01447444947139612,0.6395426691780288
64,Logistic regression,0.0479,0.0479,0.04901683703075913,0.6493898383300742
64,HistGradientBoosting,0.022346874999999992,-0.011259374999999964,0.02789582462036209,0.701596437205866
65,Logistic regression,0.01559374999999999,0.01274374999999997,0.01818532203454202,0.6215085119123951
65,HistGradientBoosting,0.03480312499999995,0.03480312499999995,0.036354489492358394,0.6704925398220857
66,Logistic regression,0.01762187499999999,-0.016740625,0.019918486231388154,0.60053131451309
66,HistGradientBoosting,0.005803124999999989,-0.0013781249999999627,0.007000725408841552,0.6498311406411574
67,Logistic regression,0.04355624999999997,-0.04355624999999997,0.045560166263963496,0.6207577861982996
67,HistGradientBoosting,0.07077187500000001,-0.07077187500000001,0.0725696615759644,0.6413549261451167
68,Logistic regression,0.01622499999999999,-0.014500000000000006,0.018693188933405654,0.602439021920345
68,HistGradientBoosting,0.012246874999999994,-0.00924687499999997,0.017263558982724265,0.6329251450311986
69,Logistic regression,0.02008124999999996,-0.02008124999999996,0.02379564035700654,0.6100957683733051
69,HistGradientBoosting,0.03281562499999998,0.03281562499999998,0.03395425921368332,0.6716396418115244
70,Logistic regression,0.07480937500000001,-0.07480937500000001,0.0760150776573306,0.5924348718474499
70,HistGradientBoosting,0.013537499999999984,-0.007593749999999986,0.01591904323444093,0.6611974592238417
71,Logistic regression,0.041981249999999984,0.041981249999999984,0.043027062704767555,0.6477289551716217
71,HistGradientBoosting,0.04226874999999998,0.04226874999999998,0.04333250439912281,0.6867230483614711
72,Logistic regression,0.062759375,0.062759375,0.0635980063071949,0.6331876292278174
72,HistGradientBoosting,0.04468124999999998,0.04468124999999998,0.04614049197830467,0.6708957258891011
73,Logistic regression,0.05058124999999997,-0.05058124999999997,0.052387113754243014,0.5887056725552179
73,HistGradientBoosting,0.04693749999999999,-0.04693749999999999,0.047820700277181216,0.6313332658725984
74,Logistic regression,0.09935625000000001,-0.09935625000000001,0.09989617891841511,0.589100355648702
74,HistGradientBoosting,0.04314062499999999,-0.04314062499999999,0.04456035408577898,0.6660856340202399
75,Logistic regression,0.08364375000000002,-0.08364375000000002,0.08399754274679709,0.5857685290435284
75,HistGradientBoosting,0.01905312499999997,-0.01905312499999997,0.020666167248669962,0.63607833586943
76,Logistic regression,0.055662500000000004,0.055662500000000004,0.05732730861029498,0.6201627393299354
76,HistGradientBoosting,0.023012499999999974,0.022206249999999973,0.029188434139227105,0.6760414123334573
77,Logistic regression,0.04456562499999996,-0.04456562499999996,0.045406471523891795,0.600680416565805
77,HistGradientBoosting,0.03735312499999999,-0.03735312499999999,0.0382928987378861,0.6417482250995404
78,Logistic regression,0.011274999999999973,0.01063124999999996,0.014311184437355256,0.6291589143473513
78,HistGradientBoosting,0.04186874999999997,0.04186874999999997,0.04358398860246728,0.6761596797390151
79,Logistic regression,0.025890624999999994,0.025790624999999984,0.030119467853034848,0.6284203501377181
79,HistGradientBoosting,0.047074999999999985,0.047074999999999985,0.048064741495195816,0.6822335124940786
80,Logistic regression,0.028974999999999966,-0.028974999999999966,0.02968061762329076,0.6105529897801694
80,HistGradientBoosting,0.015549999999999977,-0.015549999999999977,0.017416981655843797,0.654392458848566
81,Logistic regression,0.007178125000000011,-0.0056593750000000255,0.0087022716143545,0.609761496329731
81,HistGradientBoosting,0.012312500000000011,0.0016750000000000168,0.014267587830463859,0.6487964297619437
82,Logistic regression,0.014940624999999978,-0.014371874999999985,0.016839225969444056,0.6032907379346361
82,HistGradientBoosting,0.048621874999999995,-0.048621874999999995,0.05066361336057664,0.6396329477308116
83,Logistic regression,0.03542812499999998,0.03542812499999998,0.03942288556473256,0.6339882808677145
83,HistGradientBoosting,0.024528124999999963,0.02214687499999996,0.028618091415221904,0.7038160842079761
84,Logistic regression,0.041565624999999995,0.041565624999999995,0.04326174876550878,0.6300287168066497
84,HistGradientBoosting,0.016081249999999988,0.00017500000000003277,0.020209048097325096,0.6572647685216829
85,Logistic regression,0.00800625,0.0011749999999999608,0.009663429774153685,0.6094002779602813
85,HistGradientBoosting,0.005900000000000013,0.004456250000000019,0.0079935911829415,0.6602659799229652
86,Logistic regression,0.069225,-0.069225,0.07079966234029651,0.6060155247734518
86,HistGradientBoosting,0.043340624999999994,-0.043340624999999994,0.04418346162592966,0.6335413823372786
87,Logistic regression,0.03094374999999998,-0.03094374999999998,0.03382339242299623,0.602532420091678
87,HistGradientBoosting,0.013034374999999994,0.010721874999999978,0.016187509652506756,0.6580520925318893
88,Logistic regression,0.04918750000000001,0.04918750000000001,0.049889537355040696,0.6304568777186824
88,HistGradientBoosting,0.029809374999999975,-0.029809374999999975,0.03241777820502199,0.6299167459616781
89,Logistic regression,0.10165312500000001,-0.10165312500000001,0.10299384159380601,0.582556030410849
89,HistGradientBoosting,0.04463749999999999,-0.04463749999999999,0.046256898134224254,0.6362016442796375
90,Logistic regression,0.030949999999999964,-0.030949999999999964,0.03331086065384678,0.6003607024769473
90,HistGradientBoosting,0.01863437499999997,0.010409375000000002,0.021335068695694393,0.6653130111548026
91,Logistic regression,0.007303125000000001,0.0018968749999999646,0.009757264921585355,0.6125069688182891
91,HistGradientBoosting,0.013578124999999969,-0.013159374999999966,0.015344568460859336,0.6501139948276268
92,Logistic regression,0.06189687499999999,-0.06189687499999999,0.06290385148184488,0.5935734632806268
92,HistGradientBoosting,0.09288437500000003,-0.09288437500000003,0.09332197205776357,0.6157653664495857
93,Logistic regression,0.009843749999999988,-0.0007062500000000159,0.012420446851864851,0.5965674906825403
93,HistGradientBoosting,0.006753124999999974,-0.005703124999999986,0.008734012179405273,0.6369825928341843
94,Logistic regression,0.0067593750000000015,-0.0003718750000000319,0.00761313626240855,0.6223792172234384
94,HistGradientBoosting,0.024418749999999996,-0.01470624999999997,0.026924059872166374,0.6481456821190108
95,Logistic regression,0.04199999999999997,-0.04199999999999997,0.04441060191553361,0.6042467248796226
95,HistGradientBoosting,0.023221874999999968,0.023221874999999968,0.025647578467566844,0.6834802727885714
96,Logistic regression,0.025084374999999954,-0.025084374999999954,0.027874268488159427,0.6092894029386664
96,HistGradientBoosting,0.06013437499999999,0.06013437499999999,0.06056741208149808,0.6794913552710442
97,Logistic regression,0.016837499999999988,-0.015849999999999993,0.023264766815938625,0.6175083092561995
97,HistGradientBoosting,0.016965624999999974,-0.016965624999999974,0.02163284178627485,0.6793150601624155
98,Logistic regression,0.03611874999999996,-0.03611874999999996,0.03760723002296231,0.6057068778516803
98,HistGradientBoosting,0.019621875000000007,0.019621875000000007,0.021946287413820133,0.654659977280464
99,Logistic regression,0.020840624999999977,-0.020840624999999977,0.022457525882207032,0.6022941285359183
99,HistGradientBoosting,0.05443437499999999,-0.05443437499999999,0.055149227952438276,0.6314198819348161
100,Logistic regression,0.04210937499999997,-0.04210937499999997,0.04318050232743938,0.6185064789018095
100,HistGradientBoosting,0.031059374999999983,-0.031059374999999983,0.033629425823971465,0.6420382349230528
101,Logistic regression,0.036159374999999966,-0.036159374999999966,0.03752542679637365,0.6029793546593788
101,HistGradientBoosting,0.029840624999999985,-0.029840624999999985,0.030483630340725484,0.6561543803839841
102,Logistic regression,0.009906250000000016,-0.005700000000000042,0.012161401543407745,0.6101826907842316
102,HistGradientBoosting,0.02264687499999998,-0.02264687499999998,0.023532600392859246,0.64103045208353
103,Logistic regression,0.011078124999999998,-0.010871875000000007,0.01397209831235093,0.6120504061832961
103,HistGradientBoosting,0.03921249999999997,0.03921249999999997,0.03982254386650855,0.6952914965863474
104,Logistic regression,0.02909374999999996,-0.02909374999999996,0.03134504546176314,0.6203627254655084
104,HistGradientBoosting,0.01388124999999998,-0.010681249999999979,0.016456419719975524,0.6720452773709054
105,Logistic regression,0.011150000000000004,-0.011150000000000004,0.013885120183131282,0.6045272088216421
105,HistGradientBoosting,0.013187499999999963,-0.013187499999999963,0.016292943257741957,0.6389169078372583
106,Logistic regression,0.02785937499999998,0.026578124999999977,0.0305509231652662,0.6196698517270507
106,HistGradientBoosting,0.014662500000000002,0.014662500000000002,0.01700206788893633,0.6659184554613299
107,Logistic regression,0.07302187500000001,0.07302187500000001,0.07385261187832157,0.6353109363935351
107,HistGradientBoosting,0.030843749999999955,0.02828124999999998,0.03614588496634157,0.6762297553973291
108,Logistic regression,0.03185312499999996,-0.03185312499999996,0.03308924249284045,0.601459130801961
108,HistGradientBoosting,0.019703124999999978,0.005984374999999997,0.02356013250705519,0.6666825571397474
109,Logistic regression,0.014868749999999986,-0.014868749999999986,0.015314555984422126,0.6170502048271463
109,HistGradientBoosting,0.0519,-0.0519,0.0534580589107012,0.6160850510738332
110,Logistic regression,0.008906250000000008,-0.0004562500000000226,0.010599793630066578,0.6122539828568799
110,HistGradientBoosting,0.06255312499999999,0.06255312499999999,0.06386998879559945,0.6764822003347145
111,Logistic regression,0.07266875000000003,0.07266875000000003,0.07361579526501091,0.6217047510183091
111,HistGradientBoosting,0.051671875,-0.051671875,0.053729017706915135,0.6303700628009028
112,Logistic regression,0.006843750000000003,0.003099999999999957,0.008700502859030618,0.6105958282352066
112,HistGradientBoosting,0.01296562499999998,-0.012940624999999983,0.014675324740870282,0.6397992264805363
113,Logistic regression,0.02153437499999996,-0.02153437499999996,0.02291805033701598,0.6090347928779113
113,HistGradientBoosting,0.01947187499999997,0.017240624999999985,0.02118218959999175,0.6594496773679145
114,Logistic regression,0.010174999999999997,0.0009687499999999627,0.011549824132860204,0.6119300568230497
114,HistGradientBoosting,0.03442187499999997,0.03442187499999997,0.03628110949585194,0.6681452092338416
115,Logistic regression,0.04003124999999999,0.04003124999999999,0.04087931169919572,0.6337846344088214
115,HistGradientBoosting,0.04807499999999998,0.04807499999999998,0.05003364805308522,0.6882397297243421
116,Logistic regression,0.008440624999999993,-0.0007031250000000336,0.011086569859519212,0.6267546864063651
116,HistGradientBoosting,0.03400937499999998,-0.03400937499999998,0.03607772209064756,0.6455181249158111
117,Logistic regression,0.00671250000000001,-0.00051875000000004,0.007583328754577376,0.6082240789685004
117,HistGradientBoosting,0.053371875,-0.053371875,0.05526932495743005,0.6369796486093543
118,Logistic regression,0.009318749999999983,0.007637499999999967,0.011659813463344918,0.616342548807292
118,HistGradientBoosting,0.012737499999999981,-0.0052687499999999644,0.01590739804304902,0.6486191524951411
119,Logistic regression,0.038853124999999995,0.038853124999999995,0.03984012385460165,0.632022278001207
119,HistGradientBoosting,0.028053124999999984,-0.028053124999999984,0.030773301638758216,0.648655237972906
120,Logistic regression,0.044193750000000004,0.044193750000000004,0.044933002208844226,0.6387655882822707
120,HistGradientBoosting,0.019728124999999964,0.018146874999999965,0.02200682067564505,0.6642426384708489
121,Logistic regression,0.03602499999999999,0.03602499999999999,0.03803753902396946,0.6286941126653758
121,HistGradientBoosting,0.03923749999999997,0.03923749999999997,0.03991629131695476,0.6629211150092642
122,Logistic regression,0.020156249999999973,0.020156249999999973,0.021320977053127726,0.5996722907970575
122,HistGradientBoosting,0.010265624999999987,-0.007521874999999963,0.012255400595247769,0.619094045201555
123,Logistic regression,0.012171875000000016,-0.007078125000000036,0.013496000564982217,0.6146000371366126
123,HistGradientBoosting,0.05877500000000001,-0.05877500000000001,0.05993632558807723,0.6278352085713944
124,Logistic regression,0.012296874999999964,0.01173437499999997,0.013587545998082186,0.6104609815952666
124,HistGradientBoosting,0.010818749999999985,-0.00913124999999997,0.013405467634513895,0.6446243649650061
125,Logistic regression,0.01961562499999996,-0.01961562499999996,0.021932834261672574,0.6039540666349524
125,HistGradientBoosting,0.017990624999999996,-0.011340624999999965,0.021963275455860392,0.6548166280322478
126,Logistic regression,0.018862499999999966,0.018862499999999966,0.021540282031579785,0.6157241573603783
126,HistGradientBoosting,0.01422187499999997,-0.013140624999999965,0.015755281852445516,0.6476561513701418
127,Logistic regression,0.007878125000000014,-0.003046875000000039,0.009236045216974641,0.6380827773496114
127,HistGradientBoosting,0.026924999999999977,0.026924999999999977,0.028054918240836106,0.6772801775379976
128,Logistic regression,0.009371874999999984,0.006134374999999959,0.011772193136794841,0.6081408654647735
128,HistGradientBoosting,0.04125937499999999,-0.04125937499999999,0.04204939989167501,0.6258546031520856
129,Logistic regression,0.014290624999999977,0.0008468749999999796,0.01568854578187536,0.6039911149712207
129,HistGradientBoosting,0.06103125000000002,-0.06103125000000002,0.061715901516545976,0.6334500464710032
130,Logistic regression,0.04313749999999997,-0.04313749999999997,0.04390954480520149,0.6161072573208257
130,HistGradientBoosting,0.07799687500000002,-0.07799687500000002,0.079163328986659,0.6341552768877182
131,Logistic regression,0.025590624999999985,0.025590624999999985,0.02682596981005532,0.6105942062324238
131,HistGradientBoosting,0.009881250000000012,0.006149999999999999,0.011051951185198028,0.6352708531353681
132,Logistic regression,0.012034374999999969,0.011121874999999958,0.014525091436889447,0.6185925576507181
132,HistGradientBoosting,0.0093625,0.008237500000000012,0.01254212900587456,0.6769444144928914
133,Logistic regression,0.014774999999999976,0.014393749999999969,0.01720502288577377,0.6215038081494012
133,HistGradientBoosting,0.011565624999999989,0.0018218750000000214,0.014869058687421995,0.6718194442316481
134,Logistic regression,0.06985000000000002,0.06985000000000002,0.07035409325334242,0.6325835093008461
134,HistGradientBoosting,0.016068749999999965,-0.016068749999999965,0.0189525146748393,0.6327343686451276
135,Logistic regression,0.010853124999999991,0.007503124999999965,0.013646342229696563,0.6055583412148526
135,HistGradientBoosting,0.0059062499999999775,-0.005631249999999966,0.008234151443834374,0.6717796427993771
136,Logistic regression,0.022821874999999978,0.022821874999999978,0.02385023912353918,0.6154381842731325
136,HistGradientBoosting,0.02177187499999997,0.02177187499999997,0.02504720231383135,0.6699260989745018
137,Logistic regression,0.017328124999999955,-0.01652812499999996,0.019397120437064836,0.5967824780457444
137,HistGradientBoosting,0.025821874999999987,0.02573437499999999,0.029720986377474067,0.6426022629366666
138,Logistic regression,0.006731249999999991,0.0015124999999999687,0.00790523955993744,0.6112023537737892
138,HistGradientBoosting,0.04028749999999999,-0.04028749999999999,0.043405011231423485,0.6346306390617465
139,Logistic regression,0.012646874999999985,0.010665624999999967,0.014530866930434655,0.6279681671710188
139,HistGradientBoosting,0.023924999999999967,-0.023924999999999967,0.025415527979957418,0.6305910211849227
140,Logistic regression,0.003956249999999974,0.0011499999999999774,0.004849871132308551,0.6254578625606322
140,HistGradientBoosting,0.0443375,-0.0443375,0.04571673995923157,0.6432356697108224
141,Logistic regression,0.05621250000000001,0.05621250000000001,0.057939820611562144,0.632808740483819
141,HistGradientBoosting,0.011546875000000005,0.011365625000000011,0.013323035737023314,0.6763837697115276
142,Logistic regression,0.02334687499999998,-0.022996874999999983,0.02780613972219083,0.6159932045238825
142,HistGradientBoosting,0.04910624999999999,-0.04910624999999999,0.0517257582109726,0.6678805767902716
143,Logistic regression,0.03340624999999995,-0.03340624999999995,0.03487535394085624,0.611421532223141
143,HistGradientBoosting,0.023831249999999967,-0.023831249999999967,0.027805462592807164,0.6531696120937216
144,Logistic regression,0.009337499999999981,0.001193749999999976,0.011280347955626172,0.6193562355662645
144,HistGradientBoosting,0.010915624999999984,-0.009640624999999972,0.013160279964727174,0.657836315034825
145,Logistic regression,0.013828124999999986,0.01063437499999997,0.01769730293717095,0.6125815019062122
145,HistGradientBoosting,0.010431249999999993,-0.007974999999999979,0.013983271255325036,0.6352034131120492
146,Logistic regression,0.013099999999999987,0.0021687499999999693,0.016398656576073523,0.6024211533797204
146,HistGradientBoosting,0.03271249999999997,0.03271249999999997,0.033281263497649816,0.6566979106637774
147,Logistic regression,0.02229687499999997,0.02229687499999997,0.0232350993918683,0.6277743453533265
147,HistGradientBoosting,0.026193749999999967,-0.026193749999999967,0.027049676523019612,0.6337801258412012
148,Logistic regression,0.06236874999999998,-0.06236874999999998,0.06307143023984788,0.5999490517408161
148,HistGradientBoosting,0.07248437500000002,-0.07248437500000002,0.07301792909108011,0.6360414458270959
149,Logistic regression,0.05323749999999998,-0.05323749999999998,0.053745299213047444,0.595320543499899
149,HistGradientBoosting,0.053503125000000006,-0.053503125000000006,0.05521030106556204,0.6321775290732068
150,Logistic regression,0.042449999999999974,-0.042449999999999974,0.046178437879599146,0.6173341566397543
150,HistGradientBoosting,0.058434375,-0.058434375,0.062180961967872456,0.6494044735660277
151,Logistic regression,0.04439062499999998,-0.04439062499999998,0.04649317994340674,0.5939716162065892
151,HistGradientBoosting,0.012690624999999983,0.003984375000000019,0.017371227108353607,0.6659303401928913
152,Logistic regression,0.01115312499999999,-0.01026562500000001,0.014160977411534827,0.6106631817074172
152,HistGradientBoosting,0.053896875000000004,-0.053896875000000004,0.05569385485625861,0.6315077479975766
153,Logistic regression,0.010943750000000023,-0.007168750000000043,0.01411340231836395,0.6120833751815318
153,HistGradientBoosting,0.021053124999999968,-0.021053124999999968,0.02180760690103338,0.6425065248003494
154,Logistic regression,0.013065624999999977,-0.0031968750000000087,0.015003119467297432,0.6293673243908571
154,HistGradientBoosting,0.04121875,-0.04121875,0.042223838053876625,0.6441471731672385
155,Logistic regression,0.07305,-0.07305,0.0742335966729351,0.5962337360616805
155,HistGradientBoosting,0.02144687499999998,-0.02144687499999998,0.022403818731412718,0.6425884125316823
156,Logistic regression,0.03530937499999996,-0.03530937499999996,0.03558978303179154,0.5994176597177017
156,HistGradientBoosting,0.018153124999999982,-0.017178124999999985,0.020808520640593346,0.637661536485043
157,Logistic regression,0.04602812499999997,-0.04602812499999997,0.047003751512512244,0.5925448126333213
157,HistGradientBoosting,0.037584374999999975,0.037584374999999975,0.039668200031637416,0.6656068039614468
158,Logistic regression,0.010293749999999994,-0.009025000000000016,0.01343655229216185,0.6160282219742835
158,HistGradientBoosting,0.03104062499999999,-0.030803124999999987,0.03600671595341624,0.6525074328954714
159,Logistic regression,0.06389374999999999,-0.06389374999999999,0.0647551928419644,0.5956839676413116
159,HistGradientBoosting,0.031946874999999986,-0.031946874999999986,0.035363220211824586,0.6527618930349648
160,Logistic regression,0.016678124999999988,0.010034374999999963,0.019279559285678694,0.628987217465054
160,HistGradientBoosting,0.031103124999999985,-0.031103124999999985,0.035650344055142016,0.6463925130880379
161,Logistic regression,0.02969687499999997,-0.02969687499999997,0.03086591718627519,0.5921661308394768
161,HistGradientBoosting,0.029993749999999986,-0.029993749999999986,0.03394473909901208,0.6460287308321114
162,Logistic regression,0.046346874999999975,-0.046346874999999975,0.04780259047635387,0.6140437893852323
162,HistGradientBoosting,0.01578437499999998,-0.013959374999999972,0.01903930556112799,0.6464312227572538
163,Logistic regression,0.029806249999999965,-0.029806249999999965,0.03329949793165053,0.6013050639977543
163,HistGradientBoosting,0.009015624999999985,0.004353124999999999,0.011453799860744879,0.6589080851052607
164,Logistic regression,0.027306249999999976,-0.027306249999999976,0.03034888795326772,0.6174434743190951
164,HistGradientBoosting,0.03200624999999996,0.029012499999999976,0.03784100784862894,0.6933313360442942
165,Logistic regression,0.009062500000000001,-0.006618750000000027,0.011571246691692297,0.6162103717915189
165,HistGradientBoosting,0.030815624999999982,-0.030815624999999982,0.032998657643152685,0.6395954619443971
166,Logistic regression,0.008128125000000003,-0.0023718750000000406,0.009387616510595238,0.6144803482951006
166,HistGradientBoosting,0.08516562500000002,-0.08516562500000002,0.08890139463894818,0.627488428033509
167,Logistic regression,0.051846875,0.051846875,0.05211117772368996,0.6237904522259221
167,HistGradientBoosting,0.021615624999999965,0.02088437499999997,0.02364588693092307,0.6699889186105324
168,Logistic regression,0.056271874999999985,-0.056271874999999985,0.05694237630051979,0.5906648993930262
168,HistGradientBoosting,0.015118749999999976,-0.008156249999999966,0.017278906938808347,0.6716519859033486
169,Logistic regression,0.036993749999999964,-0.036993749999999964,0.03779289781162589,0.5990686879599734
169,HistGradientBoosting,0.007418750000000019,0.0019687500000000226,0.009235309280148688,0.6501817063801609
170,Logistic regression,0.02284374999999997,-0.021768749999999993,0.02699516739159065,0.604827841657301
170,HistGradientBoosting,0.010637500000000005,0.008500000000000025,0.012135781289228988,0.6676568077481244
171,Logistic regression,0.042778124999999965,-0.042778124999999965,0.04438558148486958,0.5990272988078139
171,HistGradientBoosting,0.030112499999999983,-0.030112499999999983,0.031568081189708046,0.6354167254204508
172,Logistic regression,0.011837499999999987,0.007593749999999969,0.014099046953606458,0.6171965089554388
172,HistGradientBoosting,0.03872187499999999,-0.03872187499999999,0.0405911878521681,0.6430783136612231
173,Logistic regression,0.02354374999999997,0.02354374999999997,0.025673186401379916,0.6443201208450016
173,HistGradientBoosting,0.021559374999999978,-0.020746874999999977,0.024647011101754285,0.660198062076789
174,Logistic regression,0.014018749999999983,-0.014018749999999983,0.014857552793108277,0.6097397869111945
174,HistGradientBoosting,0.014878124999999982,-0.0075906249999999585,0.016715369985435546,0.6355153425240531
175,Logistic regression,0.05323437499999999,-0.05323437499999999,0.053724291817110054,0.5971204607460562
175,HistGradientBoosting,0.025928124999999986,-0.025928124999999986,0.026885204458028573,0.6562646273425159
176,Logistic regression,0.031168749999999985,0.031168749999999985,0.0323997540499924,0.610605477000272
176,HistGradientBoosting,0.009034375000000004,0.008296875000000009,0.010605754628973849,0.6569615800604703
177,Logistic regression,0.009990624999999972,0.0055906249999999776,0.012642345757413832,0.611037337585609
177,HistGradientBoosting,0.025903124999999985,-0.025903124999999985,0.029546248175529824,0.6536368233506696
178,Logistic regression,0.039565624999999965,-0.039565624999999965,0.04020056941449956,0.6033656742673175
178,HistGradientBoosting,0.07068437500000002,-0.07068437500000002,0.07179666709708747,0.6174984894410576
179,Logistic regression,0.014590625000000024,-0.014590625000000024,0.015440475421760837,0.636011886480566
179,HistGradientBoosting,0.025384374999999983,-0.025384374999999983,0.027685225640221887,0.6594713607966183
180,Logistic regression,0.045746874999999965,-0.045746874999999965,0.04748288671984884,0.6011606650281518
180,HistGradientBoosting,0.029259374999999976,-0.029259374999999976,0.03405886677871123,0.6467874696777784
181,Logistic regression,0.024712499999999974,-0.024712499999999974,0.026912862863322413,0.6142937623844487
181,HistGradientBoosting,0.022143749999999976,0.022143749999999976,0.023663150413670595,0.6840770780855076
182,Logistic regression,0.010093749999999992,-0.0031687500000000188,0.01273959133959954,0.6158289944605704
182,HistGradientBoosting,0.04155937499999998,-0.04155937499999998,0.04354005519346523,0.6310161437472757
183,Logistic regression,0.020546874999999992,-0.020546874999999992,0.02367601964541335,0.6090405907299667
183,HistGradientBoosting,0.016634374999999972,-0.015540624999999968,0.020743918536525328,0.6420677300639102
184,Logistic regression,0.04073749999999997,-0.04073749999999997,0.0412068903522214,0.5997557845318324
184,HistGradientBoosting,0.028231249999999992,0.028231249999999992,0.029634571238673243,0.6473454253283168
185,Logistic regression,0.10939062500000002,-0.10939062500000002,0.10959139664567655,0.5762652274688929
185,HistGradientBoosting,0.09391562500000003,-0.09391562500000003,0.09510857364743731,0.6202041322277315
186,Logistic regression,0.041443749999999974,-0.041443749999999974,0.042338424480606235,0.6069245892601063
186,HistGradientBoosting,0.009246874999999998,-0.003821874999999971,0.010831212132074587,0.6619191937772573
187,Logistic regression,0.05011249999999997,-0.05011249999999997,0.05040531345999147,0.6097001121102154
187,HistGradientBoosting,0.0498,-0.0498,0.05142441966128543,0.6438039288978055
188,Logistic regression,0.026237499999999976,-0.026237499999999976,0.02958776668658854,0.5946402691805365
188,HistGradientBoosting,0.014728124999999991,0.0011343750000000243,0.017367430905289354,0.6475492778652389
189,Logistic regression,0.013931249999999982,-0.01366874999999999,0.01958779913619697,0.6186220645382752
189,HistGradientBoosting,0.04778437499999999,-0.04778437499999999,0.05018252777361857,0.6330259887690294
190,Logistic regression,0.070490625,-0.070490625,0.07213049264180856,0.6065085125748888
190,HistGradientBoosting,0.06165625000000001,-0.06165625000000001,0.06546088526746335,0.6837242045705034
191,Logistic regression,0.016193749999999986,-0.016112499999999988,0.018402131330364946,0.6201343675349875
191,HistGradientBoosting,0.04442187499999999,-0.04442187499999999,0.046020788441203386,0.6459878074032371
192,Logistic regression,0.06862812499999998,-0.06862812499999998,0.07004117650532433,0.5949563411174388
192,HistGradientBoosting,0.06552500000000001,-0.06552500000000001,0.06602979204495499,0.6152026877177607
193,Logistic regression,0.025168749999999993,-0.025168749999999993,0.028445100632622115,0.6019957989664002
193,HistGradientBoosting,0.008421874999999971,-0.00720312499999998,0.01036568105577243,0.659054741560718
194,Logistic regression,0.008531249999999997,-0.004531250000000014,0.009708646275356819,0.622317924967209
194,HistGradientBoosting,0.022478124999999956,0.0015218750000000093,0.0260898777066892,0.663468725448255
195,Logistic regression,0.00994374999999999,0.008393749999999974,0.011761643167517013,0.6162613142143004
195,HistGradientBoosting,0.021412499999999977,-0.020868749999999967,0.025570044730113373,0.6413727489782263
196,Logistic regression,0.008615624999999988,0.004934374999999963,0.010679148783962122,0.604659341681141
196,HistGradientBoosting,0.05175312499999998,0.05175312499999998,0.05244547615142795,0.6589298061029469
197,Logistic regression,0.013578124999999986,-0.004790625000000017,0.015120676034820656,0.6095284052854573
197,HistGradientBoosting,0.025815624999999957,0.025815624999999957,0.026908423983020593,0.6727272129356425
198,Logistic regression,0.024240624999999995,-0.024240624999999995,0.025744292449978095,0.5969383366873598
198,HistGradientBoosting,0.04986249999999998,-0.04986249999999998,0.05140494261255428,0.620884846010689
199,Logistic regression,0.02207812499999997,-0.01786562499999999,0.026634707737273906,0.6147321583378101
199,HistGradientBoosting,0.020687499999999984,-0.017556249999999975,0.024956693741359233,0.6460506161273989
