n,K,B,replications,critical,critical_mcse,n_certified,n_certified_mcse,seconds,seconds_mcse
500,25,200,25,2.818976092226434,0.018838098605663163,5.08,0.15187714333192687,0.001546992000658065,3.987725206737574e-05
500,25,1000,25,2.7954830170958047,0.008477723048857713,5.32,0.09521904571390467,0.0021327479995670727,3.1808455518903296e-05
500,25,5000,25,2.7962011690719253,0.005230473800431483,5.2,0.08164965809277261,0.005507020000077318,0.00017119254697646664
1000,25,200,25,2.806092831918792,0.028939749116873525,4.6,0.20816659994661327,0.001813512000371702,4.090748634557519e-05
1000,25,1000,25,2.792565856961642,0.008890274157559065,4.84,0.07483314773547883,0.002520492000039667,3.1478713593841954e-05
1000,25,5000,25,2.793895293092323,0.0036843584000111874,4.96,0.04,0.005484680000226945,0.00020399766533481709
1000,125,200,25,3.256950913166956,0.022689887475943294,12.28,0.22000000000000003,0.009569788000953849,0.0003236401747687364
1000,125,1000,25,3.2134780272372905,0.009693505530544265,12.4,0.11547005383792515,0.015172464000061154,0.000332869822424545
1000,125,5000,25,3.2100228855467403,0.0034755326078324605,12.12,0.066332495807108,0.03219366799923591,0.0014004230391125784
