n,K,B,rep,critical,n_certified,seconds
500,25,200,0,3.0211478092411226,4,0.0016149000002769753
500,25,200,1,2.8358971845538328,5,0.001535600000352133
500,25,200,2,2.763452474086636,6,0.000992100001894869
500,25,200,3,2.8175682190191185,5,0.0018106999996234663
500,25,200,4,2.7097364733383653,6,0.0016736000034143217
500,25,200,5,2.833119144244637,5,0.0016749999995226972
500,25,200,6,2.7925124057808923,5,0.001625400000193622
500,25,200,7,2.83223929581577,5,0.0013975000038044527
500,25,200,8,2.8894920442402485,4,0.0008786999969743192
500,25,200,9,2.7475976077380064,6,0.0014890000020386651
500,25,200,10,2.6969510231914886,6,0.0016612999970675446
500,25,200,11,2.6854799242953504,6,0.0016205000065383501
500,25,200,12,3.019157484377408,4,0.0015908999994280748
500,25,200,13,2.787858313258927,5,0.0015673000016249716
500,25,200,14,2.876461651101248,5,0.001581099997565616
500,25,200,15,2.8707294627676303,5,0.0015811000048415735
500,25,200,16,2.6804287447313015,6,0.0016137999991769902
500,25,200,17,2.8054760433811916,5,0.0016036000015446916
500,25,200,18,2.9211813571982717,4,0.0015659999990020879
500,25,200,19,2.8989812084045523,4,0.0016218000018852763
500,25,200,20,2.9048592340815493,4,0.0016848999948706478
500,25,200,21,2.797808102776627,5,0.001561299999593757
500,25,200,22,2.7206792283560333,6,0.0016134000034071505
500,25,200,23,2.8518543234776432,5,0.0015432000000146218
500,25,200,24,2.713733546203011,6,0.0015721000017947517
500,25,1000,0,2.7524832858060853,6,0.00239020000299206
500,25,1000,1,2.8078036243280224,5,0.0023755000001983717
500,25,1000,2,2.748203333758781,6,0.0022661999973934144
500,25,1000,3,2.827482236479076,5,0.002256299994769506
500,25,1000,4,2.7829657566722323,5,0.0022431999968830496
500,25,1000,5,2.726148618337754,6,0.002232399994682055
500,25,1000,6,2.83123763615882,5,0.00217980000161333
500,25,1000,7,2.753299388814441,6,0.002079600002616644
500,25,1000,8,2.8584537036968554,5,0.002078800003801007
500,25,1000,9,2.732083401116022,6,0.002097299999149982
500,25,1000,10,2.787252646401515,5,0.0022339999995892867
500,25,1000,11,2.740612739736487,6,0.001989999997022096
500,25,1000,12,2.854157070926448,5,0.0020850000000791624
500,25,1000,13,2.799895960380256,5,0.002077800003462471
500,25,1000,14,2.876461651101248,5,0.001994800004467834
500,25,1000,15,2.7595594368312804,6,0.0019270999982836656
500,25,1000,16,2.824968871680454,5,0.0018880999996326864
500,25,1000,17,2.794283699578779,5,0.0019324999957461841
500,25,1000,18,2.786096534467308,5,0.0020857000054093078
500,25,1000,19,2.8215262301043964,5,0.002074299998639617
500,25,1000,20,2.8431896831072825,5,0.0020264999984647147
500,25,1000,21,2.750408780960361,6,0.0020989999975427054
500,25,1000,22,2.7892914028259814,5,0.002125999999407213
500,25,1000,23,2.8069392325289737,5,0.0020125999944866635
500,25,1000,24,2.832270501596249,5,0.0025660000028437935
500,25,5000,0,2.778784077495219,5,0.005602500001259614
500,25,5000,1,2.8056211662721697,5,0.005731099998229183
500,25,5000,2,2.761304453624569,6,0.005901500000618398
500,25,5000,3,2.785713990042915,5,0.005769200004579034
500,25,5000,4,2.7793978267795376,5,0.006003300004522316
500,25,5000,5,2.7328829185201475,6,0.005654300002788659
500,25,5000,6,2.7987194527322385,5,0.005230999995546881
500,25,5000,7,2.79379722860951,5,0.0069924999988870695
500,25,5000,8,2.8222704669487197,5,0.007494799996493384
500,25,5000,9,2.7737577934470488,6,0.00612120000005234
500,25,5000,10,2.805548044904586,5,0.003923999996914063
500,25,5000,11,2.8147266532893327,5,0.0036125999977230094
500,25,5000,12,2.806813498161781,5,0.005242100000032224
500,25,5000,13,2.783787180759154,5,0.00427299999864772
500,25,5000,14,2.849060819344342,5,0.006432300004235003
500,25,5000,15,2.7895988669605716,5,0.005397599998104852
500,25,5000,16,2.767755780782165,6,0.005299399999785237
500,25,5000,17,2.7728540150601653,6,0.0057124000013573095
500,25,5000,18,2.8080635134843415,5,0.005253999996057246
500,25,5000,19,2.7996284141811434,5,0.00422180000168737
500,25,5000,20,2.797901294574464,5,0.005647900004987605
500,25,5000,21,2.780191367227209,5,0.005587500003457535
500,25,5000,22,2.8329338829676836,5,0.005571400004555471
500,25,5000,23,2.8324718314641015,5,0.0056285999962710775
500,25,5000,24,2.831444689165026,5,0.005369499995140359
1000,25,200,0,2.851283223623512,4,0.0017881000021588989
1000,25,200,1,2.731405103545362,5,0.0017609999995329417
1000,25,200,2,3.2323187948232808,3,0.0017341999991913326
1000,25,200,3,2.9521431600152757,3,0.0017260999957215972
1000,25,200,4,2.7925134804630627,5,0.0016599000009591691
1000,25,200,5,2.6820190835536235,6,0.001597900001797825
1000,25,200,6,2.708094130446675,5,0.0019331000003148802
1000,25,200,7,2.7087305061278157,5,0.0016762000013841316
1000,25,200,8,2.814302548999628,5,0.0025470999971730635
1000,25,200,9,2.628670470275329,6,0.0019156999987899326
1000,25,200,10,2.6121270037698783,6,0.0017686999999568798
1000,25,200,11,2.6929705750962607,5,0.0017480999958934262
1000,25,200,12,3.0120826485461203,3,0.0016955000028247014
1000,25,200,13,2.9536844296714686,3,0.0016513000009581447
1000,25,200,14,2.8122941393895404,5,0.001629700003832113
1000,25,200,15,2.8926017283464827,4,0.0016273000001092441
1000,25,200,16,2.5703776076779072,6,0.0016323999952874146
1000,25,200,17,2.9219922296880845,3,0.001884900004370138
1000,25,200,18,2.829097538777261,5,0.0021419999975478277
1000,25,200,19,2.7857940604845775,5,0.0018802000049618073
1000,25,200,20,2.859060545532608,4,0.0017679000011412427
1000,25,200,21,2.724035939333374,5,0.001762899999448564
1000,25,200,22,2.669707045243615,6,0.0018210999987786636
1000,25,200,23,2.848603153047909,4,0.002006200003961567
1000,25,200,24,2.8664116514911684,4,0.001980300003197044
1000,25,1000,0,2.845011554074844,4,0.0027132999966852367
1000,25,1000,1,2.750151760094552,5,0.00254760000098031
1000,25,1000,2,2.809415169474712,5,0.002452200002153404
1000,25,1000,3,2.7615132912729865,5,0.0023586999959661625
1000,25,1000,4,2.816279930756451,5,0.0023516000001109205
1000,25,1000,5,2.6937600607735983,5,0.002355199998419266
1000,25,1000,6,2.8371854924690427,4,0.002540699999372009
1000,25,1000,7,2.7904886482062645,5,0.0028187999996589497
1000,25,1000,8,2.8002938571104345,5,0.002518599998438731
1000,25,1000,9,2.872436220132642,4,0.0026236999983666465
1000,25,1000,10,2.8127049707393703,5,0.0024485999965691008
1000,25,1000,11,2.8019266614391185,5,0.002541699999710545
1000,25,1000,12,2.822252283538655,5,0.002416299998003524
1000,25,1000,13,2.8189556673673097,5,0.0024478000050294213
1000,25,1000,14,2.7581725332345437,5,0.0029562000054284
1000,25,1000,15,2.7697666413295434,5,0.0027738000062527135
1000,25,1000,16,2.795951668274107,5,0.002618799997435417
1000,25,1000,17,2.8168295660807394,5,0.0024384999996982515
1000,25,1000,18,2.828825812240481,5,0.0024158000014722347
1000,25,1000,19,2.70411174767427,5,0.002518900000723079
1000,25,1000,20,2.771251493616033,5,0.002466800004185643
1000,25,1000,21,2.73931209175196,5,0.0025466000006417744
1000,25,1000,22,2.752773321500056,5,0.002415299997664988
1000,25,1000,23,2.785644316109362,5,0.0024007999963941984
1000,25,1000,24,2.8591316647799667,4,0.002326000001630746
1000,25,5000,0,2.796554329621359,5,0.00584750000416534
1000,25,5000,1,2.782423839098439,5,0.005656900000758469
1000,25,5000,2,2.7821857619451795,5,0.005542599996260833
1000,25,5000,3,2.7849708712793637,5,0.005995200001052581
1000,25,5000,4,2.7815418955728037,5,0.006138700002338737
1000,25,5000,5,2.7653773437242237,5,0.005632500004139729
1000,25,5000,6,2.7891383214171928,5,0.005904899997403845
1000,25,5000,7,2.7891674312695276,5,0.005803100000775885
1000,25,5000,8,2.807310723080393,5,0.0066723999989335425
1000,25,5000,9,2.7795472374453327,5,0.005766799993580207
1000,25,5000,10,2.805163515163287,5,0.007740300003206357
1000,25,5000,11,2.8217008555657457,5,0.006790999999793712
1000,25,5000,12,2.8126234479877295,5,0.007046200000331737
1000,25,5000,13,2.7968120286985587,5,0.00441780000255676
1000,25,5000,14,2.807805167587911,5,0.004306299997551832
1000,25,5000,15,2.7807480618555633,5,0.004535000000032596
1000,25,5000,16,2.773801173432384,5,0.004877300001680851
1000,25,5000,17,2.7896284842284675,5,0.004320300002291333
1000,25,5000,18,2.795785774362607,5,0.0044060000000172295
1000,25,5000,19,2.7945298948614092,5,0.004387400003906805
1000,25,5000,20,2.7652652299719676,5,0.006652100004430395
1000,25,5000,21,2.7776342095495408,5,0.004317799997807015
1000,25,5000,22,2.8399290954144663,4,0.004064199994900264
1000,25,5000,23,2.800834017230074,5,0.005696200001693796
1000,25,5000,24,2.8269036169445374,5,0.004598499996063765
1000,125,200,0,3.301815104569282,12,0.00858140000491403
1000,125,200,1,3.1280421586788107,13,0.009919399999489542
1000,125,200,2,3.1759613711573893,13,0.008032000005187001
1000,125,200,3,3.2107565494615167,12,0.0066767000025720336
1000,125,200,4,3.308216304024938,12,0.007371799998509232
1000,125,200,5,3.341707782486375,11,0.008327499999722932
1000,125,200,6,3.080762304455132,15,0.008955299999797717
1000,125,200,7,3.3735789048933844,11,0.00702389999787556
1000,125,200,8,3.2264966326720663,12,0.007107199999154545
1000,125,200,9,3.1706239639035574,13,0.00913340000261087
1000,125,200,10,3.259272650915968,12,0.009247200003301259
1000,125,200,11,3.1583093759217697,13,0.011459400004241616
1000,125,200,12,3.2820035224698514,12,0.008507300000928808
1000,125,200,13,3.535464728691909,11,0.00884070000029169
1000,125,200,14,3.2938345862684675,12,0.010888500000874046
1000,125,200,15,3.1851189866847953,13,0.011552500000107102
1000,125,200,16,3.3537789677446845,11,0.01126730000396492
1000,125,200,17,3.211191298869306,12,0.011771699995733798
1000,125,200,18,3.1849476082696406,13,0.011684299999615178
1000,125,200,19,3.160470773241965,13,0.010843399999430403
1000,125,200,20,3.284896410640462,12,0.01017860000138171
1000,125,200,21,3.4337351517692523,11,0.010071099997730926
1000,125,200,22,3.2977580076958475,12,0.01106910000089556
1000,125,200,23,3.4106018722247415,11,0.01149720000103116
1000,125,200,24,3.0544278114627867,15,0.009237800004484598
1000,125,1000,0,3.2155731367535214,12,0.013528800001950003
1000,125,1000,1,3.177319678698455,13,0.015507700001762714
1000,125,1000,2,3.166073898163334,13,0.01866390000213869
1000,125,1000,3,3.2107565494615167,12,0.015076700001372956
1000,125,1000,4,3.245476150452437,12,0.01422679999814136
1000,125,1000,5,3.162231140647399,13,0.011640799995802809
1000,125,1000,6,3.158432192205027,13,0.015390799999295268
1000,125,1000,7,3.2673188658657275,12,0.015039600002637599
1000,125,1000,8,3.1357848688200853,13,0.01164549999521114
1000,125,1000,9,3.287899385357923,12,0.014152800002193544
1000,125,1000,10,3.162709177195445,13,0.013898400000471156
1000,125,1000,11,3.22754772704667,12,0.015081999998074025
1000,125,1000,12,3.252762882852355,12,0.015337600001657847
1000,125,1000,13,3.218462298475191,12,0.014468100001977291
1000,125,1000,14,3.22749107560492,12,0.012955300000612624
1000,125,1000,15,3.2576421009519425,12,0.016573900000366848
1000,125,1000,16,3.184367131349617,13,0.016552400004002266
1000,125,1000,17,3.188168609655412,13,0.015446000004885718
1000,125,1000,18,3.1923324718825463,13,0.016368399999919347
1000,125,1000,19,3.17800119331102,13,0.01618909999524476
1000,125,1000,20,3.171002999795758,13,0.016088500000478234
1000,125,1000,21,3.3445391882548163,11,0.017530700002680533
1000,125,1000,22,3.2636443977939784,12,0.017194799998833332
1000,125,1000,23,3.2343412904746027,12,0.014873699998133816
1000,125,1000,24,3.2070722698625596,12,0.01587929999368498
1000,125,5000,0,3.2394390267873696,12,0.039970899997570086
1000,125,5000,1,3.228310052282724,12,0.029962199994770344
1000,125,5000,2,3.178315914590805,13,0.0403401000003214
1000,125,5000,3,3.224217251985776,12,0.03468960000463994
1000,125,5000,4,3.2203952268505693,12,0.02505599999858532
1000,125,5000,5,3.1933921952978017,12,0.03404319999390282
1000,125,5000,6,3.2058184956746363,12,0.03618659999483498
1000,125,5000,7,3.2276119045589637,12,0.037135499995201826
1000,125,5000,8,3.2041863099957273,12,0.033973300000070594
1000,125,5000,9,3.2245641026480096,12,0.038543100003153086
1000,125,5000,10,3.197329082298202,12,0.03351990000373917
1000,125,5000,11,3.2128713203313817,12,0.03464399999938905
1000,125,5000,12,3.198555835955893,12,0.03817720000370173
1000,125,5000,13,3.21025651765978,12,0.025606800001696683
1000,125,5000,14,3.203463150094163,12,0.023024900001473725
1000,125,5000,15,3.230580439952333,12,0.020145899994531646
1000,125,5000,16,3.2129705069938552,12,0.01979300000675721
1000,125,5000,17,3.192497462322917,13,0.022623800003202632
1000,125,5000,18,3.174484960839559,13,0.02399479999439791
1000,125,5000,19,3.19686434865751,12,0.022819799996796064
1000,125,5000,20,3.1956414803766116,12,0.040266299998620525
1000,125,5000,21,3.241842931713253,12,0.03820789999736007
1000,125,5000,22,3.208616783820496,12,0.03833360000135144
1000,125,5000,23,3.221596268606813,12,0.0363255999982357
1000,125,5000,24,3.206750568373353,12,0.037457699996593874
