containment,ARR,UCP,n_certified,n_true_safe,rep,method,grid_coverage,dense_mesh_coverage
1.0,0.3793560606060606,0.0,2003,5280,0,multiplier,1.0,1.0
1.0,0.34299242424242427,0.0,1811,5280,0,exact_bonferroni,1.0,1.0
1.0,0.1418560606060606,0.0,749,5280,0,hoeffding,1.0,1.0
1.0,0.5909090909090909,0.0,3120,5280,1,multiplier,1.0,1.0
1.0,0.5448863636363637,0.0,2877,5280,1,exact_bonferroni,1.0,1.0
1.0,0.22121212121212122,0.0,1168,5280,1,hoeffding,1.0,1.0
1.0,0.3346590909090909,0.0,1767,5280,2,multiplier,1.0,1.0
1.0,0.26875,0.0,1419,5280,2,exact_bonferroni,1.0,1.0
1.0,0.0668560606060606,0.0,353,5280,2,hoeffding,1.0,1.0
1.0,0.31174242424242427,0.0,1646,5280,3,multiplier,1.0,1.0
1.0,0.2505681818181818,0.0,1323,5280,3,exact_bonferroni,1.0,1.0
1.0,0.045643939393939396,0.0,241,5280,3,hoeffding,1.0,1.0
1.0,0.7111742424242424,0.0,3755,5280,4,multiplier,1.0,1.0
1.0,0.6465909090909091,0.0,3414,5280,4,exact_bonferroni,1.0,1.0
1.0,0.34393939393939393,0.0,1816,5280,4,hoeffding,1.0,1.0
1.0,0.4693181818181818,0.0,2478,5280,5,multiplier,1.0,1.0
1.0,0.4090909090909091,0.0,2160,5280,5,exact_bonferroni,1.0,1.0
1.0,0.20549242424242425,0.0,1085,5280,5,hoeffding,1.0,1.0
1.0,0.5539772727272727,0.0,2925,5280,6,multiplier,1.0,1.0
1.0,0.5003787878787879,0.0,2642,5280,6,exact_bonferroni,1.0,1.0
1.0,0.27386363636363636,0.0,1446,5280,6,hoeffding,1.0,1.0
1.0,0.2746212121212121,0.0,1450,5280,7,multiplier,1.0,1.0
1.0,0.23579545454545456,0.0,1245,5280,7,exact_bonferroni,1.0,1.0
1.0,0.08541666666666667,0.0,451,5280,7,hoeffding,1.0,1.0
1.0,0.4721590909090909,0.0,2493,5280,8,multiplier,1.0,1.0
1.0,0.3886363636363636,0.0,2052,5280,8,exact_bonferroni,1.0,1.0
1.0,0.12329545454545454,0.0,651,5280,8,hoeffding,1.0,1.0
1.0,0.6856060606060606,0.0,3620,5280,9,multiplier,1.0,1.0
1.0,0.631439393939394,0.0,3334,5280,9,exact_bonferroni,1.0,1.0
1.0,0.35170454545454544,0.0,1857,5280,9,hoeffding,1.0,1.0
1.0,0.4630681818181818,0.0,2445,5280,10,multiplier,1.0,1.0
1.0,0.41704545454545455,0.0,2202,5280,10,exact_bonferroni,1.0,1.0
1.0,0.12310606060606061,0.0,650,5280,10,hoeffding,1.0,1.0
1.0,0.39015151515151514,0.0,2060,5280,11,multiplier,1.0,1.0
1.0,0.31742424242424244,0.0,1676,5280,11,exact_bonferroni,1.0,1.0
1.0,0.08162878787878788,0.0,431,5280,11,hoeffding,1.0,1.0
1.0,0.3053030303030303,0.0,1612,5280,12,multiplier,1.0,1.0
1.0,0.2761363636363636,0.0,1458,5280,12,exact_bonferroni,1.0,1.0
1.0,0.11875,0.0,627,5280,12,hoeffding,1.0,1.0
1.0,0.4708333333333333,0.0,2486,5280,13,multiplier,1.0,1.0
1.0,0.4056818181818182,0.0,2142,5280,13,exact_bonferroni,1.0,1.0
1.0,0.2077651515151515,0.0,1097,5280,13,hoeffding,1.0,1.0
1.0,0.41363636363636364,0.0,2184,5280,14,multiplier,1.0,1.0
1.0,0.35587121212121214,0.0,1879,5280,14,exact_bonferroni,1.0,1.0
1.0,0.15795454545454546,0.0,834,5280,14,hoeffding,1.0,1.0
1.0,0.5617424242424243,0.0,2966,5280,15,multiplier,1.0,1.0
1.0,0.509469696969697,0.0,2690,5280,15,exact_bonferroni,1.0,1.0
1.0,0.25738636363636364,0.0,1359,5280,15,hoeffding,1.0,1.0
1.0,0.49053030303030304,0.0,2590,5280,16,multiplier,1.0,1.0
1.0,0.43712121212121213,0.0,2308,5280,16,exact_bonferroni,1.0,1.0
1.0,0.19299242424242424,0.0,1019,5280,16,hoeffding,1.0,1.0
1.0,0.6111742424242425,0.0,3227,5280,17,multiplier,1.0,1.0
1.0,0.5373106060606061,0.0,2837,5280,17,exact_bonferroni,1.0,1.0
1.0,0.28200757575757573,0.0,1489,5280,17,hoeffding,1.0,1.0
1.0,0.7465909090909091,0.0,3942,5280,18,multiplier,0.0,0.0
1.0,0.6706439393939394,0.0,3541,5280,18,exact_bonferroni,1.0,1.0
1.0,0.35208333333333336,0.0,1859,5280,18,hoeffding,1.0,1.0
1.0,0.4960227272727273,0.0,2619,5280,19,multiplier,1.0,1.0
1.0,0.45170454545454547,0.0,2385,5280,19,exact_bonferroni,1.0,1.0
1.0,0.23806818181818182,0.0,1257,5280,19,hoeffding,1.0,1.0
1.0,0.26003787878787876,0.0,1373,5280,20,multiplier,1.0,1.0
1.0,0.22916666666666666,0.0,1210,5280,20,exact_bonferroni,1.0,1.0
1.0,0.10321969696969698,0.0,545,5280,20,hoeffding,1.0,1.0
1.0,0.465530303030303,0.0,2458,5280,21,multiplier,1.0,1.0
1.0,0.3776515151515151,0.0,1994,5280,21,exact_bonferroni,1.0,1.0
1.0,0.14242424242424243,0.0,752,5280,21,hoeffding,1.0,1.0
1.0,0.6852272727272727,0.0,3618,5280,22,multiplier,1.0,1.0
1.0,0.6278409090909091,0.0,3315,5280,22,exact_bonferroni,1.0,1.0
1.0,0.28162878787878787,0.0,1487,5280,22,hoeffding,1.0,1.0
1.0,0.41420454545454544,0.0,2187,5280,23,multiplier,1.0,1.0
1.0,0.3560606060606061,0.0,1880,5280,23,exact_bonferroni,1.0,1.0
1.0,0.11571969696969697,0.0,611,5280,23,hoeffding,1.0,1.0
1.0,0.6518939393939394,0.0,3442,5280,24,multiplier,1.0,1.0
1.0,0.5659090909090909,0.0,2988,5280,24,exact_bonferroni,1.0,1.0
1.0,0.2772727272727273,0.0,1464,5280,24,hoeffding,1.0,1.0
1.0,0.3464015151515151,0.0,1829,5280,25,multiplier,1.0,1.0
1.0,0.3007575757575758,0.0,1588,5280,25,exact_bonferroni,1.0,1.0
1.0,0.1337121212121212,0.0,706,5280,25,hoeffding,1.0,1.0
1.0,0.42026515151515154,0.0,2219,5280,26,multiplier,1.0,1.0
1.0,0.3715909090909091,0.0,1962,5280,26,exact_bonferroni,1.0,1.0
1.0,0.18049242424242423,0.0,953,5280,26,hoeffding,1.0,1.0
1.0,0.31950757575757577,0.0,1687,5280,27,multiplier,1.0,1.0
1.0,0.27481060606060603,0.0,1451,5280,27,exact_bonferroni,1.0,1.0
1.0,0.0821969696969697,0.0,434,5280,27,hoeffding,1.0,1.0
1.0,0.5193181818181818,0.0,2742,5280,28,multiplier,1.0,1.0
1.0,0.4621212121212121,0.0,2440,5280,28,exact_bonferroni,1.0,1.0
1.0,0.20132575757575757,0.0,1063,5280,28,hoeffding,1.0,1.0
1.0,0.2456439393939394,0.0,1297,5280,29,multiplier,1.0,1.0
1.0,0.18522727272727274,0.0,978,5280,29,exact_bonferroni,1.0,1.0
1.0,0.054924242424242424,0.0,290,5280,29,hoeffding,1.0,1.0
1.0,0.28106060606060607,0.0,1484,5280,30,multiplier,1.0,1.0
1.0,0.22215909090909092,0.0,1173,5280,30,exact_bonferroni,1.0,1.0
1.0,0.04621212121212121,0.0,244,5280,30,hoeffding,1.0,1.0
1.0,0.2948863636363636,0.0,1557,5280,31,multiplier,1.0,1.0
1.0,0.21875,0.0,1155,5280,31,exact_bonferroni,1.0,1.0
1.0,0.026325757575757575,0.0,139,5280,31,hoeffding,1.0,1.0
1.0,0.46458333333333335,0.0,2453,5280,32,multiplier,1.0,1.0
1.0,0.39829545454545456,0.0,2103,5280,32,exact_bonferroni,1.0,1.0
1.0,0.19696969696969696,0.0,1040,5280,32,hoeffding,1.0,1.0
1.0,0.340530303030303,0.0,1798,5280,33,multiplier,1.0,1.0
1.0,0.2846590909090909,0.0,1503,5280,33,exact_bonferroni,1.0,1.0
1.0,0.12859848484848485,0.0,679,5280,33,hoeffding,1.0,1.0
1.0,0.5795454545454546,0.0,3060,5280,34,multiplier,1.0,1.0
1.0,0.5034090909090909,0.0,2658,5280,34,exact_bonferroni,1.0,1.0
1.0,0.2390151515151515,0.0,1262,5280,34,hoeffding,1.0,1.0
1.0,0.5011363636363636,0.0,2646,5280,35,multiplier,1.0,1.0
1.0,0.4660984848484849,0.0,2461,5280,35,exact_bonferroni,1.0,1.0
1.0,0.24488636363636362,0.0,1293,5280,35,hoeffding,1.0,1.0
1.0,0.5613636363636364,0.0,2964,5280,36,multiplier,1.0,1.0
1.0,0.5166666666666667,0.0,2728,5280,36,exact_bonferroni,1.0,1.0
1.0,0.21458333333333332,0.0,1133,5280,36,hoeffding,1.0,1.0
1.0,0.46950757575757573,0.0,2479,5280,37,multiplier,1.0,1.0
1.0,0.3880681818181818,0.0,2049,5280,37,exact_bonferroni,1.0,1.0
1.0,0.17329545454545456,0.0,915,5280,37,hoeffding,1.0,1.0
1.0,0.4759469696969697,0.0,2513,5280,38,multiplier,1.0,1.0
1.0,0.4212121212121212,0.0,2224,5280,38,exact_bonferroni,1.0,1.0
1.0,0.2265151515151515,0.0,1196,5280,38,hoeffding,1.0,1.0
1.0,0.4395833333333333,0.0,2321,5280,39,multiplier,1.0,1.0
1.0,0.36856060606060603,0.0,1946,5280,39,exact_bonferroni,1.0,1.0
1.0,0.06212121212121212,0.0,328,5280,39,hoeffding,1.0,1.0
1.0,0.3856060606060606,0.0,2036,5280,40,multiplier,1.0,1.0
1.0,0.29981060606060606,0.0,1583,5280,40,exact_bonferroni,1.0,1.0
1.0,0.11799242424242425,0.0,623,5280,40,hoeffding,1.0,1.0
1.0,0.4090909090909091,0.0,2160,5280,41,multiplier,1.0,1.0
1.0,0.34545454545454546,0.0,1824,5280,41,exact_bonferroni,1.0,1.0
1.0,0.11571969696969697,0.0,611,5280,41,hoeffding,1.0,1.0
1.0,0.4327651515151515,0.0,2285,5280,42,multiplier,1.0,1.0
1.0,0.39090909090909093,0.0,2064,5280,42,exact_bonferroni,1.0,1.0
1.0,0.15662878787878787,0.0,827,5280,42,hoeffding,1.0,1.0
1.0,0.13143939393939394,0.0,694,5280,43,multiplier,1.0,1.0
1.0,0.09375,0.0,495,5280,43,exact_bonferroni,1.0,1.0
1.0,0.01837121212121212,0.0,97,5280,43,hoeffding,1.0,1.0
1.0,0.1503787878787879,0.0,794,5280,44,multiplier,1.0,1.0
1.0,0.10416666666666667,0.0,550,5280,44,exact_bonferroni,1.0,1.0
1.0,0.01553030303030303,0.0,82,5280,44,hoeffding,1.0,1.0
1.0,0.29128787878787876,0.0,1538,5280,45,multiplier,1.0,1.0
1.0,0.22916666666666666,0.0,1210,5280,45,exact_bonferroni,1.0,1.0
1.0,0.08295454545454546,0.0,438,5280,45,hoeffding,1.0,1.0
1.0,0.2481060606060606,0.0,1310,5280,46,multiplier,1.0,1.0
1.0,0.21174242424242423,0.0,1118,5280,46,exact_bonferroni,1.0,1.0
1.0,0.09090909090909091,0.0,480,5280,46,hoeffding,1.0,1.0
1.0,0.7202651515151515,0.0,3803,5280,47,multiplier,0.0,0.0
1.0,0.6428030303030303,0.0,3394,5280,47,exact_bonferroni,1.0,1.0
1.0,0.2518939393939394,0.0,1330,5280,47,hoeffding,1.0,1.0
1.0,0.4361742424242424,0.0,2303,5280,48,multiplier,1.0,1.0
1.0,0.3945075757575758,0.0,2083,5280,48,exact_bonferroni,1.0,1.0
1.0,0.18636363636363637,0.0,984,5280,48,hoeffding,1.0,1.0
0.0,0.8990530303030303,0.0027310924369747898,4760,5280,49,multiplier,0.0,0.0
1.0,0.8325757575757575,0.0,4396,5280,49,exact_bonferroni,0.0,0.0
1.0,0.5204545454545455,0.0,2748,5280,49,hoeffding,1.0,1.0
1.0,0.5801136363636363,0.0,3063,5280,50,multiplier,1.0,1.0
1.0,0.5066287878787878,0.0,2675,5280,50,exact_bonferroni,1.0,1.0
1.0,0.25738636363636364,0.0,1359,5280,50,hoeffding,1.0,1.0
1.0,0.4994318181818182,0.0,2637,5280,51,multiplier,1.0,1.0
1.0,0.4420454545454545,0.0,2334,5280,51,exact_bonferroni,1.0,1.0
1.0,0.19356060606060607,0.0,1022,5280,51,hoeffding,1.0,1.0
1.0,0.5827651515151515,0.0,3077,5280,52,multiplier,1.0,1.0
1.0,0.5121212121212121,0.0,2704,5280,52,exact_bonferroni,1.0,1.0
1.0,0.1797348484848485,0.0,949,5280,52,hoeffding,1.0,1.0
1.0,0.3482954545454545,0.0,1839,5280,53,multiplier,1.0,1.0
1.0,0.2950757575757576,0.0,1558,5280,53,exact_bonferroni,1.0,1.0
1.0,0.06893939393939394,0.0,364,5280,53,hoeffding,1.0,1.0
1.0,0.25984848484848483,0.0,1372,5280,54,multiplier,1.0,1.0
1.0,0.2159090909090909,0.0,1140,5280,54,exact_bonferroni,1.0,1.0
1.0,0.03598484848484849,0.0,190,5280,54,hoeffding,1.0,1.0
1.0,0.6412878787878787,0.0,3386,5280,55,multiplier,1.0,1.0
1.0,0.565530303030303,0.0,2986,5280,55,exact_bonferroni,1.0,1.0
1.0,0.3001893939393939,0.0,1585,5280,55,hoeffding,1.0,1.0
1.0,0.5791666666666667,0.0,3058,5280,56,multiplier,1.0,1.0
1.0,0.5234848484848484,0.0,2764,5280,56,exact_bonferroni,1.0,1.0
1.0,0.275,0.0,1452,5280,56,hoeffding,1.0,1.0
1.0,0.359469696969697,0.0,1898,5280,57,multiplier,1.0,1.0
1.0,0.2556818181818182,0.0,1350,5280,57,exact_bonferroni,1.0,1.0
1.0,0.00946969696969697,0.0,50,5280,57,hoeffding,1.0,1.0
1.0,0.459469696969697,0.0,2426,5280,58,multiplier,1.0,1.0
1.0,0.36496212121212124,0.0,1927,5280,58,exact_bonferroni,1.0,1.0
1.0,0.1143939393939394,0.0,604,5280,58,hoeffding,1.0,1.0
1.0,0.41609848484848483,0.0,2197,5280,59,multiplier,1.0,1.0
1.0,0.3632575757575758,0.0,1918,5280,59,exact_bonferroni,1.0,1.0
1.0,0.14109848484848486,0.0,745,5280,59,hoeffding,1.0,1.0
1.0,0.7837121212121212,0.0,4138,5280,60,multiplier,1.0,1.0
1.0,0.7267045454545454,0.0,3837,5280,60,exact_bonferroni,1.0,1.0
1.0,0.4179924242424242,0.0,2207,5280,60,hoeffding,1.0,1.0
1.0,0.32386363636363635,0.0,1710,5280,61,multiplier,1.0,1.0
1.0,0.25795454545454544,0.0,1362,5280,61,exact_bonferroni,1.0,1.0
1.0,0.07140151515151515,0.0,377,5280,61,hoeffding,1.0,1.0
1.0,0.6217803030303031,0.0,3283,5280,62,multiplier,1.0,1.0
1.0,0.571780303030303,0.0,3019,5280,62,exact_bonferroni,1.0,1.0
1.0,0.32765151515151514,0.0,1730,5280,62,hoeffding,1.0,1.0
1.0,0.4198863636363636,0.0,2217,5280,63,multiplier,1.0,1.0
1.0,0.35984848484848486,0.0,1900,5280,63,exact_bonferroni,1.0,1.0
1.0,0.1390151515151515,0.0,734,5280,63,hoeffding,1.0,1.0
1.0,0.29734848484848486,0.0,1570,5280,64,multiplier,1.0,1.0
1.0,0.2606060606060606,0.0,1376,5280,64,exact_bonferroni,1.0,1.0
1.0,0.09545454545454546,0.0,504,5280,64,hoeffding,1.0,1.0
1.0,0.48390151515151514,0.0,2555,5280,65,multiplier,1.0,1.0
1.0,0.42045454545454547,0.0,2220,5280,65,exact_bonferroni,1.0,1.0
1.0,0.18787878787878787,0.0,992,5280,65,hoeffding,1.0,1.0
1.0,0.6147727272727272,0.0,3246,5280,66,multiplier,1.0,1.0
1.0,0.5412878787878788,0.0,2858,5280,66,exact_bonferroni,1.0,1.0
1.0,0.2321969696969697,0.0,1226,5280,66,hoeffding,1.0,1.0
0.0,0.8795454545454545,0.009808102345415778,4690,5280,67,multiplier,0.0,0.0
0.0,0.834280303030303,0.0006805807622504537,4408,5280,67,exact_bonferroni,0.0,0.0
1.0,0.5291666666666667,0.0,2794,5280,67,hoeffding,1.0,1.0
1.0,0.6433712121212121,0.0,3397,5280,68,multiplier,1.0,1.0
1.0,0.5630681818181819,0.0,2973,5280,68,exact_bonferroni,1.0,1.0
1.0,0.2863636363636364,0.0,1512,5280,68,hoeffding,1.0,1.0
1.0,0.22859848484848486,0.0,1207,5280,69,multiplier,1.0,1.0
1.0,0.20397727272727273,0.0,1077,5280,69,exact_bonferroni,1.0,1.0
1.0,0.02878787878787879,0.0,152,5280,69,hoeffding,1.0,1.0
1.0,0.48200757575757575,0.0,2545,5280,70,multiplier,1.0,1.0
1.0,0.4375,0.0,2310,5280,70,exact_bonferroni,1.0,1.0
1.0,0.2350378787878788,0.0,1241,5280,70,hoeffding,1.0,1.0
1.0,0.5032196969696969,0.0,2657,5280,71,multiplier,1.0,1.0
1.0,0.43390151515151515,0.0,2291,5280,71,exact_bonferroni,1.0,1.0
1.0,0.21761363636363637,0.0,1149,5280,71,hoeffding,1.0,1.0
1.0,0.7488636363636364,0.0,3954,5280,72,multiplier,0.0,0.0
1.0,0.696590909090909,0.0,3678,5280,72,exact_bonferroni,1.0,1.0
1.0,0.4384469696969697,0.0,2315,5280,72,hoeffding,1.0,1.0
1.0,0.4714015151515151,0.0,2489,5280,73,multiplier,1.0,1.0
1.0,0.38825757575757575,0.0,2050,5280,73,exact_bonferroni,1.0,1.0
1.0,0.0715909090909091,0.0,378,5280,73,hoeffding,1.0,1.0
1.0,0.5678030303030303,0.0,2998,5280,74,multiplier,1.0,1.0
1.0,0.5085227272727273,0.0,2685,5280,74,exact_bonferroni,1.0,1.0
1.0,0.26704545454545453,0.0,1410,5280,74,hoeffding,1.0,1.0
1.0,0.10511363636363637,0.0,555,5280,75,multiplier,1.0,1.0
1.0,0.06382575757575758,0.0,337,5280,75,exact_bonferroni,1.0,1.0
1.0,0.0,0.0,0,5280,75,hoeffding,1.0,1.0
1.0,0.8520833333333333,0.0,4499,5280,76,multiplier,0.0,0.0
1.0,0.8136363636363636,0.0,4296,5280,76,exact_bonferroni,0.0,0.0
1.0,0.5617424242424243,0.0,2966,5280,76,hoeffding,1.0,1.0
1.0,0.3721590909090909,0.0,1965,5280,77,multiplier,1.0,1.0
1.0,0.28352272727272726,0.0,1497,5280,77,exact_bonferroni,1.0,1.0
1.0,0.09375,0.0,495,5280,77,hoeffding,1.0,1.0
1.0,0.1649621212121212,0.0,871,5280,78,multiplier,1.0,1.0
1.0,0.13617424242424242,0.0,719,5280,78,exact_bonferroni,1.0,1.0
1.0,0.02462121212121212,0.0,130,5280,78,hoeffding,1.0,1.0
1.0,0.540719696969697,0.0,2855,5280,79,multiplier,1.0,1.0
1.0,0.4649621212121212,0.0,2455,5280,79,exact_bonferroni,1.0,1.0
1.0,0.21628787878787878,0.0,1142,5280,79,hoeffding,1.0,1.0
1.0,0.7462121212121212,0.0,3940,5280,80,multiplier,1.0,1.0
1.0,0.6920454545454545,0.0,3654,5280,80,exact_bonferroni,1.0,1.0
1.0,0.40662878787878787,0.0,2147,5280,80,hoeffding,1.0,1.0
1.0,0.3856060606060606,0.0,2036,5280,81,multiplier,1.0,1.0
1.0,0.3327651515151515,0.0,1757,5280,81,exact_bonferroni,1.0,1.0
1.0,0.1143939393939394,0.0,604,5280,81,hoeffding,1.0,1.0
1.0,0.5325757575757576,0.0,2812,5280,82,multiplier,1.0,1.0
1.0,0.48352272727272727,0.0,2553,5280,82,exact_bonferroni,1.0,1.0
1.0,0.26325757575757575,0.0,1390,5280,82,hoeffding,1.0,1.0
1.0,0.24147727272727273,0.0,1275,5280,83,multiplier,1.0,1.0
1.0,0.20852272727272728,0.0,1101,5280,83,exact_bonferroni,1.0,1.0
1.0,0.07878787878787878,0.0,416,5280,83,hoeffding,1.0,1.0
1.0,0.7583333333333333,0.0,4004,5280,84,multiplier,1.0,1.0
1.0,0.7147727272727272,0.0,3774,5280,84,exact_bonferroni,1.0,1.0
1.0,0.41515151515151516,0.0,2192,5280,84,hoeffding,1.0,1.0
1.0,0.5223484848484848,0.0,2758,5280,85,multiplier,1.0,1.0
1.0,0.47481060606060604,0.0,2507,5280,85,exact_bonferroni,1.0,1.0
1.0,0.27367424242424243,0.0,1445,5280,85,hoeffding,1.0,1.0
0.0,0.83125,0.00970216606498195,4432,5280,86,multiplier,0.0,0.0
0.0,0.7589015151515152,0.005707196029776675,4030,5280,86,exact_bonferroni,0.0,0.0
1.0,0.4426136363636364,0.0,2337,5280,86,hoeffding,1.0,1.0
1.0,0.2278409090909091,0.0,1203,5280,87,multiplier,1.0,1.0
1.0,0.1946969696969697,0.0,1028,5280,87,exact_bonferroni,1.0,1.0
1.0,0.07140151515151515,0.0,377,5280,87,hoeffding,1.0,1.0
1.0,0.6577651515151515,0.0,3473,5280,88,multiplier,1.0,1.0
1.0,0.6056818181818182,0.0,3198,5280,88,exact_bonferroni,1.0,1.0
1.0,0.3672348484848485,0.0,1939,5280,88,hoeffding,1.0,1.0
1.0,0.2596590909090909,0.0,1371,5280,89,multiplier,1.0,1.0
1.0,0.16856060606060605,0.0,890,5280,89,exact_bonferroni,1.0,1.0
1.0,0.0003787878787878788,0.0,2,5280,89,hoeffding,1.0,1.0
1.0,0.696590909090909,0.0,3678,5280,90,multiplier,1.0,1.0
1.0,0.646969696969697,0.0,3416,5280,90,exact_bonferroni,1.0,1.0
1.0,0.35056818181818183,0.0,1851,5280,90,hoeffding,1.0,1.0
1.0,0.5831439393939394,0.0,3079,5280,91,multiplier,1.0,1.0
1.0,0.5240530303030303,0.0,2767,5280,91,exact_bonferroni,1.0,1.0
1.0,0.2623106060606061,0.0,1385,5280,91,hoeffding,1.0,1.0
1.0,0.3371212121212121,0.0,1780,5280,92,multiplier,1.0,1.0
1.0,0.27045454545454545,0.0,1428,5280,92,exact_bonferroni,1.0,1.0
1.0,0.045454545454545456,0.0,240,5280,92,hoeffding,1.0,1.0
1.0,0.7223484848484848,0.0,3814,5280,93,multiplier,1.0,1.0
1.0,0.6721590909090909,0.0,3549,5280,93,exact_bonferroni,1.0,1.0
1.0,0.3763257575757576,0.0,1987,5280,93,hoeffding,1.0,1.0
1.0,0.4388257575757576,0.0,2317,5280,94,multiplier,1.0,1.0
1.0,0.37272727272727274,0.0,1968,5280,94,exact_bonferroni,1.0,1.0
1.0,0.19393939393939394,0.0,1024,5280,94,hoeffding,1.0,1.0
1.0,0.39223484848484846,0.0,2071,5280,95,multiplier,1.0,1.0
1.0,0.3450757575757576,0.0,1822,5280,95,exact_bonferroni,1.0,1.0
1.0,0.1475378787878788,0.0,779,5280,95,hoeffding,1.0,1.0
1.0,0.5611742424242424,0.0,2963,5280,96,multiplier,1.0,1.0
1.0,0.5200757575757575,0.0,2746,5280,96,exact_bonferroni,1.0,1.0
1.0,0.2986742424242424,0.0,1577,5280,96,hoeffding,1.0,1.0
1.0,0.4818181818181818,0.0,2544,5280,97,multiplier,1.0,1.0
1.0,0.4409090909090909,0.0,2328,5280,97,exact_bonferroni,1.0,1.0
1.0,0.23125,0.0,1221,5280,97,hoeffding,1.0,1.0
1.0,0.36079545454545453,0.0,1905,5280,98,multiplier,1.0,1.0
1.0,0.33238636363636365,0.0,1755,5280,98,exact_bonferroni,1.0,1.0
1.0,0.15965909090909092,0.0,843,5280,98,hoeffding,1.0,1.0
1.0,0.4337121212121212,0.0,2290,5280,99,multiplier,1.0,1.0
1.0,0.359280303030303,0.0,1897,5280,99,exact_bonferroni,1.0,1.0
1.0,0.11704545454545455,0.0,618,5280,99,hoeffding,1.0,1.0
1.0,0.509090909090909,0.0,2688,5280,100,multiplier,1.0,1.0
1.0,0.4660984848484849,0.0,2461,5280,100,exact_bonferroni,1.0,1.0
1.0,0.18238636363636362,0.0,963,5280,100,hoeffding,1.0,1.0
1.0,0.484469696969697,0.0,2558,5280,101,multiplier,1.0,1.0
1.0,0.4265151515151515,0.0,2252,5280,101,exact_bonferroni,1.0,1.0
1.0,0.20984848484848484,0.0,1108,5280,101,hoeffding,1.0,1.0
1.0,0.6359848484848485,0.0,3358,5280,102,multiplier,1.0,1.0
1.0,0.5821969696969697,0.0,3074,5280,102,exact_bonferroni,1.0,1.0
1.0,0.33825757575757576,0.0,1786,5280,102,hoeffding,1.0,1.0
1.0,0.46382575757575756,0.0,2449,5280,103,multiplier,1.0,1.0
1.0,0.4172348484848485,0.0,2203,5280,103,exact_bonferroni,1.0,1.0
1.0,0.22935606060606062,0.0,1211,5280,103,hoeffding,1.0,1.0
1.0,0.36496212121212124,0.0,1927,5280,104,multiplier,1.0,1.0
1.0,0.3202651515151515,0.0,1691,5280,104,exact_bonferroni,1.0,1.0
1.0,0.13712121212121212,0.0,724,5280,104,hoeffding,1.0,1.0
1.0,0.22765151515151516,0.0,1202,5280,105,multiplier,1.0,1.0
1.0,0.1625,0.0,858,5280,105,exact_bonferroni,1.0,1.0
1.0,0.04772727272727273,0.0,252,5280,105,hoeffding,1.0,1.0
1.0,0.11818181818181818,0.0,624,5280,106,multiplier,1.0,1.0
1.0,0.08428030303030302,0.0,445,5280,106,exact_bonferroni,1.0,1.0
1.0,0.0011363636363636363,0.0,6,5280,106,hoeffding,1.0,1.0
1.0,0.3543560606060606,0.0,1871,5280,107,multiplier,1.0,1.0
1.0,0.2986742424242424,0.0,1577,5280,107,exact_bonferroni,1.0,1.0
1.0,0.10265151515151515,0.0,542,5280,107,hoeffding,1.0,1.0
1.0,0.23787878787878788,0.0,1256,5280,108,multiplier,1.0,1.0
1.0,0.2028409090909091,0.0,1071,5280,108,exact_bonferroni,1.0,1.0
1.0,0.08068181818181819,0.0,426,5280,108,hoeffding,1.0,1.0
1.0,0.38446969696969696,0.0,2030,5280,109,multiplier,1.0,1.0
1.0,0.3191287878787879,0.0,1685,5280,109,exact_bonferroni,1.0,1.0
1.0,0.11988636363636364,0.0,633,5280,109,hoeffding,1.0,1.0
1.0,0.5399621212121212,0.0,2851,5280,110,multiplier,1.0,1.0
1.0,0.4734848484848485,0.0,2500,5280,110,exact_bonferroni,1.0,1.0
1.0,0.24753787878787878,0.0,1307,5280,110,hoeffding,1.0,1.0
1.0,0.6018939393939394,0.0,3178,5280,111,multiplier,1.0,1.0
1.0,0.5535984848484848,0.0,2923,5280,111,exact_bonferroni,1.0,1.0
1.0,0.32253787878787876,0.0,1703,5280,111,hoeffding,1.0,1.0
1.0,0.46912878787878787,0.0,2477,5280,112,multiplier,1.0,1.0
1.0,0.4200757575757576,0.0,2218,5280,112,exact_bonferroni,1.0,1.0
1.0,0.18125,0.0,957,5280,112,hoeffding,1.0,1.0
1.0,0.3924242424242424,0.0,2072,5280,113,multiplier,1.0,1.0
1.0,0.33674242424242423,0.0,1778,5280,113,exact_bonferroni,1.0,1.0
1.0,0.07784090909090909,0.0,411,5280,113,hoeffding,1.0,1.0
1.0,0.3145833333333333,0.0,1661,5280,114,multiplier,1.0,1.0
1.0,0.2431818181818182,0.0,1284,5280,114,exact_bonferroni,1.0,1.0
1.0,0.010606060606060607,0.0,56,5280,114,hoeffding,1.0,1.0
1.0,0.7303030303030303,0.0,3856,5280,115,multiplier,1.0,1.0
1.0,0.634090909090909,0.0,3348,5280,115,exact_bonferroni,1.0,1.0
1.0,0.28617424242424244,0.0,1511,5280,115,hoeffding,1.0,1.0
1.0,0.5443181818181818,0.0,2874,5280,116,multiplier,1.0,1.0
1.0,0.49185606060606063,0.0,2597,5280,116,exact_bonferroni,1.0,1.0
1.0,0.23939393939393938,0.0,1264,5280,116,hoeffding,1.0,1.0
1.0,0.2791666666666667,0.0,1474,5280,117,multiplier,1.0,1.0
1.0,0.21875,0.0,1155,5280,117,exact_bonferroni,1.0,1.0
1.0,0.04640151515151515,0.0,245,5280,117,hoeffding,1.0,1.0
1.0,0.4503787878787879,0.0,2378,5280,118,multiplier,1.0,1.0
1.0,0.3865530303030303,0.0,2041,5280,118,exact_bonferroni,1.0,1.0
1.0,0.13238636363636364,0.0,699,5280,118,hoeffding,1.0,1.0
1.0,0.5757575757575758,0.0,3040,5280,119,multiplier,1.0,1.0
1.0,0.5227272727272727,0.0,2760,5280,119,exact_bonferroni,1.0,1.0
1.0,0.22859848484848486,0.0,1207,5280,119,hoeffding,1.0,1.0
1.0,0.1856060606060606,0.0,980,5280,120,multiplier,1.0,1.0
1.0,0.12878787878787878,0.0,680,5280,120,exact_bonferroni,1.0,1.0
1.0,0.007386363636363636,0.0,39,5280,120,hoeffding,1.0,1.0
1.0,0.5017045454545455,0.0,2649,5280,121,multiplier,1.0,1.0
1.0,0.44450757575757577,0.0,2347,5280,121,exact_bonferroni,1.0,1.0
1.0,0.21799242424242424,0.0,1151,5280,121,hoeffding,1.0,1.0
1.0,0.7984848484848485,0.0,4216,5280,122,multiplier,1.0,1.0
1.0,0.7517045454545455,0.0,3969,5280,122,exact_bonferroni,1.0,1.0
1.0,0.4960227272727273,0.0,2619,5280,122,hoeffding,1.0,1.0
1.0,0.5748106060606061,0.0,3035,5280,123,multiplier,1.0,1.0
1.0,0.5176136363636363,0.0,2733,5280,123,exact_bonferroni,1.0,1.0
1.0,0.296969696969697,0.0,1568,5280,123,hoeffding,1.0,1.0
1.0,0.4015151515151515,0.0,2120,5280,124,multiplier,1.0,1.0
1.0,0.35018939393939397,0.0,1849,5280,124,exact_bonferroni,1.0,1.0
1.0,0.13920454545454544,0.0,735,5280,124,hoeffding,1.0,1.0
1.0,0.2100378787878788,0.0,1109,5280,125,multiplier,1.0,1.0
1.0,0.15492424242424244,0.0,818,5280,125,exact_bonferroni,1.0,1.0
1.0,0.024053030303030302,0.0,127,5280,125,hoeffding,1.0,1.0
1.0,0.5380681818181818,0.0,2841,5280,126,multiplier,1.0,1.0
1.0,0.45397727272727273,0.0,2397,5280,126,exact_bonferroni,1.0,1.0
1.0,0.16041666666666668,0.0,847,5280,126,hoeffding,1.0,1.0
1.0,0.24545454545454545,0.0,1296,5280,127,multiplier,1.0,1.0
1.0,0.20549242424242425,0.0,1085,5280,127,exact_bonferroni,1.0,1.0
1.0,0.06420454545454546,0.0,339,5280,127,hoeffding,1.0,1.0
1.0,0.2784090909090909,0.0,1470,5280,128,multiplier,1.0,1.0
1.0,0.23863636363636365,0.0,1260,5280,128,exact_bonferroni,1.0,1.0
1.0,0.07632575757575757,0.0,403,5280,128,hoeffding,1.0,1.0
1.0,0.5367424242424242,0.0,2834,5280,129,multiplier,1.0,1.0
1.0,0.48390151515151514,0.0,2555,5280,129,exact_bonferroni,1.0,1.0
1.0,0.2634469696969697,0.0,1391,5280,129,hoeffding,1.0,1.0
1.0,0.2827651515151515,0.0,1493,5280,130,multiplier,1.0,1.0
1.0,0.23541666666666666,0.0,1243,5280,130,exact_bonferroni,1.0,1.0
1.0,0.09242424242424242,0.0,488,5280,130,hoeffding,1.0,1.0
1.0,0.5674242424242424,0.0,2996,5280,131,multiplier,1.0,1.0
1.0,0.49375,0.0,2607,5280,131,exact_bonferroni,1.0,1.0
1.0,0.24962121212121213,0.0,1318,5280,131,hoeffding,1.0,1.0
1.0,0.7458333333333333,0.0,3938,5280,132,multiplier,1.0,1.0
1.0,0.6975378787878788,0.0,3683,5280,132,exact_bonferroni,1.0,1.0
1.0,0.46325757575757576,0.0,2446,5280,132,hoeffding,1.0,1.0
1.0,0.6270833333333333,0.0,3311,5280,133,multiplier,1.0,1.0
1.0,0.5700757575757576,0.0,3010,5280,133,exact_bonferroni,1.0,1.0
1.0,0.3240530303030303,0.0,1711,5280,133,hoeffding,1.0,1.0
1.0,0.12916666666666668,0.0,682,5280,134,multiplier,1.0,1.0
1.0,0.10946969696969697,0.0,578,5280,134,exact_bonferroni,1.0,1.0
1.0,0.029166666666666667,0.0,154,5280,134,hoeffding,1.0,1.0
1.0,0.31174242424242427,0.0,1646,5280,135,multiplier,1.0,1.0
1.0,0.26477272727272727,0.0,1398,5280,135,exact_bonferroni,1.0,1.0
1.0,0.04924242424242424,0.0,260,5280,135,hoeffding,1.0,1.0
1.0,0.56875,0.0,3003,5280,136,multiplier,1.0,1.0
1.0,0.47178030303030305,0.0,2491,5280,136,exact_bonferroni,1.0,1.0
1.0,0.2143939393939394,0.0,1132,5280,136,hoeffding,1.0,1.0
1.0,0.5412878787878788,0.0,2858,5280,137,multiplier,1.0,1.0
1.0,0.48863636363636365,0.0,2580,5280,137,exact_bonferroni,1.0,1.0
1.0,0.2359848484848485,0.0,1246,5280,137,hoeffding,1.0,1.0
1.0,0.5541666666666667,0.0,2926,5280,138,multiplier,1.0,1.0
1.0,0.5022727272727273,0.0,2652,5280,138,exact_bonferroni,1.0,1.0
1.0,0.2909090909090909,0.0,1536,5280,138,hoeffding,1.0,1.0
1.0,0.4043560606060606,0.0,2135,5280,139,multiplier,1.0,1.0
1.0,0.3236742424242424,0.0,1709,5280,139,exact_bonferroni,1.0,1.0
1.0,0.09185606060606061,0.0,485,5280,139,hoeffding,1.0,1.0
1.0,0.5613636363636364,0.0,2964,5280,140,multiplier,1.0,1.0
1.0,0.5172348484848485,0.0,2731,5280,140,exact_bonferroni,1.0,1.0
1.0,0.29450757575757575,0.0,1555,5280,140,hoeffding,1.0,1.0
1.0,0.4865530303030303,0.0,2569,5280,141,multiplier,1.0,1.0
1.0,0.4395833333333333,0.0,2321,5280,141,exact_bonferroni,1.0,1.0
1.0,0.1649621212121212,0.0,871,5280,141,hoeffding,1.0,1.0
1.0,0.20227272727272727,0.0,1068,5280,142,multiplier,1.0,1.0
1.0,0.16818181818181818,0.0,888,5280,142,exact_bonferroni,1.0,1.0
1.0,0.05890151515151515,0.0,311,5280,142,hoeffding,1.0,1.0
1.0,0.7210227272727273,0.0,3807,5280,143,multiplier,0.0,0.0
1.0,0.6685606060606061,0.0,3530,5280,143,exact_bonferroni,1.0,1.0
1.0,0.2988636363636364,0.0,1578,5280,143,hoeffding,1.0,1.0
1.0,0.33428030303030304,0.0,1765,5280,144,multiplier,1.0,1.0
1.0,0.2708333333333333,0.0,1430,5280,144,exact_bonferroni,1.0,1.0
1.0,0.11761363636363636,0.0,621,5280,144,hoeffding,1.0,1.0
1.0,0.5130681818181818,0.0,2709,5280,145,multiplier,1.0,1.0
1.0,0.4509469696969697,0.0,2381,5280,145,exact_bonferroni,1.0,1.0
1.0,0.21117424242424243,0.0,1115,5280,145,hoeffding,1.0,1.0
1.0,0.3600378787878788,0.0,1901,5280,146,multiplier,1.0,1.0
1.0,0.3172348484848485,0.0,1675,5280,146,exact_bonferroni,1.0,1.0
1.0,0.14261363636363636,0.0,753,5280,146,hoeffding,1.0,1.0
1.0,0.39166666666666666,0.0,2068,5280,147,multiplier,1.0,1.0
1.0,0.3446969696969697,0.0,1820,5280,147,exact_bonferroni,1.0,1.0
1.0,0.16079545454545455,0.0,849,5280,147,hoeffding,1.0,1.0
1.0,0.346969696969697,0.0,1832,5280,148,multiplier,1.0,1.0
1.0,0.3018939393939394,0.0,1594,5280,148,exact_bonferroni,1.0,1.0
1.0,0.12973484848484848,0.0,685,5280,148,hoeffding,1.0,1.0
1.0,0.3763257575757576,0.0,1987,5280,149,multiplier,1.0,1.0
1.0,0.33390151515151517,0.0,1763,5280,149,exact_bonferroni,1.0,1.0
1.0,0.17007575757575757,0.0,898,5280,149,hoeffding,1.0,1.0
1.0,0.6007575757575757,0.0,3172,5280,150,multiplier,1.0,1.0
1.0,0.5297348484848485,0.0,2797,5280,150,exact_bonferroni,1.0,1.0
1.0,0.2695075757575758,0.0,1423,5280,150,hoeffding,1.0,1.0
1.0,0.30625,0.0,1617,5280,151,multiplier,1.0,1.0
1.0,0.26799242424242425,0.0,1415,5280,151,exact_bonferroni,1.0,1.0
1.0,0.1206439393939394,0.0,637,5280,151,hoeffding,1.0,1.0
1.0,0.5204545454545455,0.0,2748,5280,152,multiplier,1.0,1.0
1.0,0.47897727272727275,0.0,2529,5280,152,exact_bonferroni,1.0,1.0
1.0,0.26268939393939394,0.0,1387,5280,152,hoeffding,1.0,1.0
1.0,0.6759469696969697,0.0,3569,5280,153,multiplier,1.0,1.0
1.0,0.6246212121212121,0.0,3298,5280,153,exact_bonferroni,1.0,1.0
1.0,0.3672348484848485,0.0,1939,5280,153,hoeffding,1.0,1.0
1.0,0.6380681818181818,0.0,3369,5280,154,multiplier,1.0,1.0
1.0,0.5676136363636364,0.0,2997,5280,154,exact_bonferroni,1.0,1.0
1.0,0.19147727272727272,0.0,1011,5280,154,hoeffding,1.0,1.0
1.0,0.3392045454545455,0.0,1791,5280,155,multiplier,1.0,1.0
1.0,0.29715909090909093,0.0,1569,5280,155,exact_bonferroni,1.0,1.0
1.0,0.10909090909090909,0.0,576,5280,155,hoeffding,1.0,1.0
1.0,0.518560606060606,0.0,2738,5280,156,multiplier,1.0,1.0
1.0,0.47234848484848485,0.0,2494,5280,156,exact_bonferroni,1.0,1.0
1.0,0.2643939393939394,0.0,1396,5280,156,hoeffding,1.0,1.0
1.0,0.603030303030303,0.0,3184,5280,157,multiplier,1.0,1.0
1.0,0.5539772727272727,0.0,2925,5280,157,exact_bonferroni,1.0,1.0
1.0,0.26477272727272727,0.0,1398,5280,157,hoeffding,1.0,1.0
1.0,0.3691287878787879,0.0,1949,5280,158,multiplier,1.0,1.0
1.0,0.32727272727272727,0.0,1728,5280,158,exact_bonferroni,1.0,1.0
1.0,0.1625,0.0,858,5280,158,hoeffding,1.0,1.0
1.0,0.23011363636363635,0.0,1215,5280,159,multiplier,1.0,1.0
1.0,0.19962121212121212,0.0,1054,5280,159,exact_bonferroni,1.0,1.0
1.0,0.07215909090909091,0.0,381,5280,159,hoeffding,1.0,1.0
1.0,0.4246212121212121,0.0,2242,5280,160,multiplier,1.0,1.0
1.0,0.38579545454545455,0.0,2037,5280,160,exact_bonferroni,1.0,1.0
1.0,0.17083333333333334,0.0,902,5280,160,hoeffding,1.0,1.0
1.0,0.20587121212121212,0.0,1087,5280,161,multiplier,1.0,1.0
1.0,0.17518939393939395,0.0,925,5280,161,exact_bonferroni,1.0,1.0
1.0,0.033901515151515155,0.0,179,5280,161,hoeffding,1.0,1.0
1.0,0.5897727272727272,0.0,3114,5280,162,multiplier,1.0,1.0
1.0,0.5335227272727273,0.0,2817,5280,162,exact_bonferroni,1.0,1.0
1.0,0.25738636363636364,0.0,1359,5280,162,hoeffding,1.0,1.0
0.0,0.8399621212121212,0.01070711577068927,4483,5280,163,multiplier,0.0,0.0
0.0,0.7801136363636364,0.000485319097306479,4121,5280,163,exact_bonferroni,0.0,0.0
1.0,0.3884469696969697,0.0,2051,5280,163,hoeffding,1.0,1.0
1.0,0.7587121212121212,0.0,4006,5280,164,multiplier,0.0,0.0
1.0,0.687689393939394,0.0,3631,5280,164,exact_bonferroni,1.0,1.0
1.0,0.41268939393939397,0.0,2179,5280,164,hoeffding,1.0,1.0
1.0,0.36477272727272725,0.0,1926,5280,165,multiplier,1.0,1.0
1.0,0.30170454545454545,0.0,1593,5280,165,exact_bonferroni,1.0,1.0
1.0,0.1399621212121212,0.0,739,5280,165,hoeffding,1.0,1.0
1.0,0.759469696969697,0.0,4010,5280,166,multiplier,1.0,1.0
1.0,0.7130681818181818,0.0,3765,5280,166,exact_bonferroni,1.0,1.0
1.0,0.45738636363636365,0.0,2415,5280,166,hoeffding,1.0,1.0
1.0,0.21856060606060607,0.0,1154,5280,167,multiplier,1.0,1.0
1.0,0.17916666666666667,0.0,946,5280,167,exact_bonferroni,1.0,1.0
1.0,0.04659090909090909,0.0,246,5280,167,hoeffding,1.0,1.0
1.0,0.2678030303030303,0.0,1414,5280,168,multiplier,1.0,1.0
1.0,0.21931818181818183,0.0,1158,5280,168,exact_bonferroni,1.0,1.0
1.0,0.07670454545454546,0.0,405,5280,168,hoeffding,1.0,1.0
1.0,0.3653409090909091,0.0,1929,5280,169,multiplier,1.0,1.0
1.0,0.30833333333333335,0.0,1628,5280,169,exact_bonferroni,1.0,1.0
1.0,0.12727272727272726,0.0,672,5280,169,hoeffding,1.0,1.0
1.0,0.5117424242424242,0.0,2702,5280,170,multiplier,1.0,1.0
1.0,0.4238636363636364,0.0,2238,5280,170,exact_bonferroni,1.0,1.0
1.0,0.19204545454545455,0.0,1014,5280,170,hoeffding,1.0,1.0
1.0,0.5418560606060606,0.0,2861,5280,171,multiplier,1.0,1.0
1.0,0.4850378787878788,0.0,2561,5280,171,exact_bonferroni,1.0,1.0
1.0,0.21704545454545454,0.0,1146,5280,171,hoeffding,1.0,1.0
1.0,0.4053030303030303,0.0,2140,5280,172,multiplier,1.0,1.0
1.0,0.33674242424242423,0.0,1778,5280,172,exact_bonferroni,1.0,1.0
1.0,0.08863636363636364,0.0,468,5280,172,hoeffding,1.0,1.0
1.0,0.7808712121212121,0.0,4123,5280,173,multiplier,1.0,1.0
1.0,0.7087121212121212,0.0,3742,5280,173,exact_bonferroni,1.0,1.0
1.0,0.35454545454545455,0.0,1872,5280,173,hoeffding,1.0,1.0
0.0,0.9545454545454546,0.04,5250,5280,174,multiplier,0.0,0.0
0.0,0.9090909090909091,0.02000816659861168,4898,5280,174,exact_bonferroni,0.0,0.0
1.0,0.5640151515151515,0.0,2978,5280,174,hoeffding,1.0,1.0
1.0,0.33825757575757576,0.0,1786,5280,175,multiplier,1.0,1.0
1.0,0.29015151515151516,0.0,1532,5280,175,exact_bonferroni,1.0,1.0
1.0,0.12859848484848485,0.0,679,5280,175,hoeffding,1.0,1.0
1.0,0.34393939393939393,0.0,1816,5280,176,multiplier,1.0,1.0
1.0,0.28162878787878787,0.0,1487,5280,176,exact_bonferroni,1.0,1.0
1.0,0.06837121212121212,0.0,361,5280,176,hoeffding,1.0,1.0
1.0,0.10662878787878788,0.0,563,5280,177,multiplier,1.0,1.0
1.0,0.08276515151515151,0.0,437,5280,177,exact_bonferroni,1.0,1.0
1.0,0.01837121212121212,0.0,97,5280,177,hoeffding,1.0,1.0
1.0,0.6304924242424242,0.0,3329,5280,178,multiplier,1.0,1.0
1.0,0.5543560606060606,0.0,2927,5280,178,exact_bonferroni,1.0,1.0
1.0,0.29318181818181815,0.0,1548,5280,178,hoeffding,1.0,1.0
1.0,0.2929924242424242,0.0,1547,5280,179,multiplier,1.0,1.0
1.0,0.225,0.0,1188,5280,179,exact_bonferroni,1.0,1.0
1.0,0.07291666666666667,0.0,385,5280,179,hoeffding,1.0,1.0
1.0,0.3835227272727273,0.0,2025,5280,180,multiplier,1.0,1.0
1.0,0.31799242424242424,0.0,1679,5280,180,exact_bonferroni,1.0,1.0
1.0,0.13579545454545455,0.0,717,5280,180,hoeffding,1.0,1.0
1.0,0.2962121212121212,0.0,1564,5280,181,multiplier,1.0,1.0
1.0,0.25946969696969696,0.0,1370,5280,181,exact_bonferroni,1.0,1.0
1.0,0.11912878787878788,0.0,629,5280,181,hoeffding,1.0,1.0
1.0,0.24753787878787878,0.0,1307,5280,182,multiplier,1.0,1.0
1.0,0.20549242424242425,0.0,1085,5280,182,exact_bonferroni,1.0,1.0
1.0,0.06136363636363636,0.0,324,5280,182,hoeffding,1.0,1.0
1.0,0.6645833333333333,0.0,3509,5280,183,multiplier,1.0,1.0
1.0,0.5854166666666667,0.0,3091,5280,183,exact_bonferroni,1.0,1.0
1.0,0.3306818181818182,0.0,1746,5280,183,hoeffding,1.0,1.0
1.0,0.3058712121212121,0.0,1615,5280,184,multiplier,1.0,1.0
1.0,0.2259469696969697,0.0,1193,5280,184,exact_bonferroni,1.0,1.0
1.0,0.04772727272727273,0.0,252,5280,184,hoeffding,1.0,1.0
1.0,0.22140151515151515,0.0,1169,5280,185,multiplier,1.0,1.0
1.0,0.16136363636363638,0.0,852,5280,185,exact_bonferroni,1.0,1.0
1.0,0.011931818181818182,0.0,63,5280,185,hoeffding,1.0,1.0
1.0,0.4359848484848485,0.0,2302,5280,186,multiplier,1.0,1.0
1.0,0.3873106060606061,0.0,2045,5280,186,exact_bonferroni,1.0,1.0
1.0,0.1903409090909091,0.0,1005,5280,186,hoeffding,1.0,1.0
1.0,0.37537878787878787,0.0,1982,5280,187,multiplier,1.0,1.0
1.0,0.3134469696969697,0.0,1655,5280,187,exact_bonferroni,1.0,1.0
1.0,0.029545454545454545,0.0,156,5280,187,hoeffding,1.0,1.0
1.0,0.2365530303030303,0.0,1249,5280,188,multiplier,1.0,1.0
1.0,0.16875,0.0,891,5280,188,exact_bonferroni,1.0,1.0
1.0,0.003409090909090909,0.0,18,5280,188,hoeffding,1.0,1.0
1.0,0.575,0.0,3036,5280,189,multiplier,1.0,1.0
1.0,0.525,0.0,2772,5280,189,exact_bonferroni,1.0,1.0
1.0,0.2986742424242424,0.0,1577,5280,189,hoeffding,1.0,1.0
1.0,0.5037878787878788,0.0,2660,5280,190,multiplier,1.0,1.0
1.0,0.42234848484848486,0.0,2230,5280,190,exact_bonferroni,1.0,1.0
1.0,0.1053030303030303,0.0,556,5280,190,hoeffding,1.0,1.0
1.0,0.3482954545454545,0.0,1839,5280,191,multiplier,1.0,1.0
1.0,0.2846590909090909,0.0,1503,5280,191,exact_bonferroni,1.0,1.0
1.0,0.05625,0.0,297,5280,191,hoeffding,1.0,1.0
1.0,0.2753787878787879,0.0,1454,5280,192,multiplier,1.0,1.0
1.0,0.2321969696969697,0.0,1226,5280,192,exact_bonferroni,1.0,1.0
1.0,0.0706439393939394,0.0,373,5280,192,hoeffding,1.0,1.0
1.0,0.1278409090909091,0.0,675,5280,193,multiplier,1.0,1.0
1.0,0.10738636363636364,0.0,567,5280,193,exact_bonferroni,1.0,1.0
1.0,0.03106060606060606,0.0,164,5280,193,hoeffding,1.0,1.0
1.0,0.6513257575757576,0.0,3439,5280,194,multiplier,1.0,1.0
1.0,0.5888257575757576,0.0,3109,5280,194,exact_bonferroni,1.0,1.0
1.0,0.3321969696969697,0.0,1754,5280,194,hoeffding,1.0,1.0
1.0,0.4979166666666667,0.0,2629,5280,195,multiplier,1.0,1.0
1.0,0.4428030303030303,0.0,2338,5280,195,exact_bonferroni,1.0,1.0
1.0,0.2231060606060606,0.0,1178,5280,195,hoeffding,1.0,1.0
1.0,0.5757575757575758,0.0,3040,5280,196,multiplier,0.0,0.0
1.0,0.5047348484848485,0.0,2665,5280,196,exact_bonferroni,0.0,0.0
1.0,0.3039772727272727,0.0,1605,5280,196,hoeffding,1.0,1.0
1.0,0.4460227272727273,0.0,2355,5280,197,multiplier,1.0,1.0
1.0,0.35378787878787876,0.0,1868,5280,197,exact_bonferroni,1.0,1.0
1.0,0.11117424242424243,0.0,587,5280,197,hoeffding,1.0,1.0
1.0,0.16571969696969696,0.0,875,5280,198,multiplier,1.0,1.0
1.0,0.13522727272727272,0.0,714,5280,198,exact_bonferroni,1.0,1.0
1.0,0.038636363636363635,0.0,204,5280,198,hoeffding,1.0,1.0
1.0,0.5996212121212121,0.0,3166,5280,199,multiplier,1.0,1.0
1.0,0.5630681818181819,0.0,2973,5280,199,exact_bonferroni,1.0,1.0
1.0,0.3352272727272727,0.0,1770,5280,199,hoeffding,1.0,1.0
