Mechanism,method,replications,reference_containment,reference_containment_mcse,reference_containment_lo,reference_containment_hi,containment_lower,containment_lower_mcse,containment_lower_lo,containment_lower_hi,containment_upper,containment_upper_mcse,containment_upper_lo,containment_upper_hi,reference_ARR,reference_ARR_mcse,reference_UCP,reference_UCP_mcse,ambiguous_environments,ambiguous_environments_mcse,mean_reference_risk,mean_reference_risk_mcse
MCAR,multiplier,100,1.0,0.0,0.9630065017930143,1.0,0.94,0.023868325657594204,0.8752318455410406,0.9722138760368118,1.0,0.0,0.9630065017930143,1.0,0.210625,0.021498014208270255,0.0,0.0,1.83,0.17410956726768756,0.3263430625,0.0003203751357827903
MCAR,exact_bonferroni,100,1.0,0.0,0.9630065017930143,1.0,0.99,0.009999999999999998,0.9455138038212946,0.9982325679358593,1.0,0.0,0.9630065017930143,1.0,0.1125,0.01489123021693431,0.0,0.0,1.83,0.17410956726768756,0.3263430625,0.0003203751357827903
MCAR,holm,100,1.0,0.0,0.9630065017930143,1.0,0.97,0.01714466079977653,0.9154806357094724,0.9897454759759611,1.0,0.0,0.9630065017930143,1.0,0.135,0.019996843185206444,0.0,0.0,1.83,0.17410956726768756,0.3263430625,0.0003203751357827903
MAR,multiplier,100,1.0,0.0,0.9630065017930143,1.0,0.99,0.009999999999999998,0.9455138038212946,0.9982325679358593,1.0,0.0,0.9630065017930143,1.0,0.24875,0.02472991737008664,0.0,0.0,0.28,0.07258572083190239,0.32363734375,0.00030736554188712733
MAR,exact_bonferroni,100,1.0,0.0,0.9630065017930143,1.0,1.0,0.0,0.9630065017930143,1.0,1.0,0.0,0.9630065017930143,1.0,0.14125,0.01830533330132853,0.0,0.0,0.28,0.07258572083190239,0.32363734375,0.00030736554188712733
MAR,holm,100,1.0,0.0,0.9630065017930143,1.0,0.99,0.009999999999999998,0.9455138038212946,0.9982325679358593,1.0,0.0,0.9630065017930143,1.0,0.18125,0.025891613146212644,0.0,0.0,0.28,0.07258572083190239,0.32363734375,0.00030736554188712733
MNAR,multiplier,100,1.0,0.0,0.9630065017930143,1.0,1.0,0.0,0.9630065017930143,1.0,1.0,0.0,0.9630065017930143,1.0,0.303125,0.028306791824292597,0.0,0.0,0.0,0.0,0.32096575,0.0003193889785234808
MNAR,exact_bonferroni,100,1.0,0.0,0.9630065017930143,1.0,1.0,0.0,0.9630065017930143,1.0,1.0,0.0,0.9630065017930143,1.0,0.175,0.021393971585519606,0.0,0.0,0.0,0.0,0.32096575,0.0003193889785234808
MNAR,holm,100,1.0,0.0,0.9630065017930143,1.0,1.0,0.0,0.9630065017930143,1.0,1.0,0.0,0.9630065017930143,1.0,0.2275,0.029146638144930452,0.0,0.0,0.0,0.0,0.32096575,0.0003193889785234808
Structured,multiplier,100,1.0,0.0,0.9630065017930143,1.0,0.93,0.025643239997624283,0.8625048526092651,0.9656807389327273,1.0,0.0,0.9630065017930143,1.0,0.231875,0.023575163886444716,0.0,0.0,0.98,0.14211959681190978,0.32534109375,0.0003140104041011373
Structured,exact_bonferroni,100,1.0,0.0,0.9630065017930143,1.0,1.0,0.0,0.9630065017930143,1.0,1.0,0.0,0.9630065017930143,1.0,0.129375,0.017390870957970095,0.0,0.0,0.98,0.14211959681190978,0.32534109375,0.0003140104041011373
Structured,holm,100,1.0,0.0,0.9630065017930143,1.0,0.96,0.019694638556693237,0.9016292856411208,0.9843366960084523,1.0,0.0,0.9630065017930143,1.0,0.1525,0.021601738379355053,0.0,0.0,0.98,0.14211959681190978,0.32534109375,0.0003140104041011373
