rep,Model,fit_seconds,nominal_reference_risk,reference_safe_fraction
0,Logistic regression,0.012848700003814884,0.31615,1.0
0,HistGradientBoosting,0.17895340000541182,0.28045,1.0
1,Logistic regression,0.00758510000014212,0.30895,1.0
1,HistGradientBoosting,0.16170789999887347,0.2752,1.0
2,Logistic regression,0.005902199998672586,0.31485,1.0
2,HistGradientBoosting,0.17698830000153976,0.28065,1.0
3,Logistic regression,0.0063152000002446584,0.3164,1.0
3,HistGradientBoosting,0.15556430000287946,0.2926,1.0
4,Logistic regression,0.006797800000640564,0.31515,1.0
4,HistGradientBoosting,0.16660070000216365,0.27895,1.0
5,Logistic regression,0.005856399999174755,0.316,1.0
5,HistGradientBoosting,0.1700760999956401,0.2843,1.0
6,Logistic regression,0.005882499994186219,0.31235,1.0
6,HistGradientBoosting,0.17039059999660822,0.2852,1.0
7,Logistic regression,0.006277500004216563,0.31185,1.0
7,HistGradientBoosting,0.15643480000289856,0.28045,1.0
8,Logistic regression,0.005753800003731158,0.3115,1.0
8,HistGradientBoosting,0.16456710000056773,0.28395,1.0
9,Logistic regression,0.0060252999974181876,0.30925,1.0
9,HistGradientBoosting,0.14587319999554893,0.28065,1.0
10,Logistic regression,0.005871200002729893,0.31995,1.0
10,HistGradientBoosting,0.15775650000432506,0.29135,1.0
11,Logistic regression,0.005135899999004323,0.3169,1.0
11,HistGradientBoosting,0.15911229999619536,0.28885,1.0
12,Logistic regression,0.0061790000036126,0.3127,1.0
12,HistGradientBoosting,0.15535039999667788,0.29315,1.0
13,Logistic regression,0.005454199999803677,0.31395,1.0
13,HistGradientBoosting,0.16325530000176514,0.277,1.0
14,Logistic regression,0.005109099998662714,0.31195,1.0
14,HistGradientBoosting,0.1468313000004855,0.28065,1.0
15,Logistic regression,0.005867799998668488,0.3172,1.0
15,HistGradientBoosting,0.1467964999974356,0.2827,1.0
16,Logistic regression,0.005872499998076819,0.316,1.0
16,HistGradientBoosting,0.16780809999909252,0.28255,1.0
17,Logistic regression,0.007244399996125139,0.3094,1.0
17,HistGradientBoosting,0.16288199999689823,0.2782,1.0
18,Logistic regression,0.0060386000041035,0.3154,1.0
18,HistGradientBoosting,0.16545130000304198,0.28215,1.0
19,Logistic regression,0.006234300002688542,0.3099,1.0
19,HistGradientBoosting,0.16216680000070482,0.28385,1.0
20,Logistic regression,0.005697699998563621,0.31125,1.0
20,HistGradientBoosting,0.162767800000438,0.28645,1.0
21,Logistic regression,0.005498499995155726,0.3058,1.0
21,HistGradientBoosting,0.15525049999996554,0.27905,1.0
22,Logistic regression,0.0062837000004947186,0.31555,1.0
22,HistGradientBoosting,0.17349979999562493,0.2846,1.0
23,Logistic regression,0.005774100005510263,0.3157,1.0
23,HistGradientBoosting,0.15865040000062436,0.28145,1.0
24,Logistic regression,0.005524300002434757,0.31565,1.0
24,HistGradientBoosting,0.18882749999465887,0.2872,1.0
25,Logistic regression,0.007130400001187809,0.3168,1.0
25,HistGradientBoosting,0.162976500003424,0.2936,1.0
26,Logistic regression,0.005943399999523535,0.3112,1.0
26,HistGradientBoosting,0.1600207000010414,0.2818,1.0
27,Logistic regression,0.005170099997485522,0.3151,1.0
27,HistGradientBoosting,0.17720799999369774,0.2865,1.0
28,Logistic regression,0.005712600002880208,0.3195,1.0
28,HistGradientBoosting,0.16376670000317972,0.28675,1.0
29,Logistic regression,0.006153800000902265,0.313,1.0
29,HistGradientBoosting,0.16220289999910165,0.27965,1.0
30,Logistic regression,0.00323729999945499,0.3177,1.0
30,HistGradientBoosting,0.13083019999612588,0.2829,1.0
31,Logistic regression,0.005980699999781791,0.3128,1.0
31,HistGradientBoosting,0.18196110000280896,0.2749,1.0
32,Logistic regression,0.006997000004048459,0.3122,1.0
32,HistGradientBoosting,0.1853525999977137,0.28065,1.0
33,Logistic regression,0.007191299999249168,0.3098,1.0
33,HistGradientBoosting,0.1621914999996079,0.28285,1.0
34,Logistic regression,0.006760399999620859,0.3188,1.0
34,HistGradientBoosting,0.15930200000002515,0.2805,1.0
35,Logistic regression,0.005939199996646494,0.31735,1.0
35,HistGradientBoosting,0.1564691000021412,0.28375,1.0
36,Logistic regression,0.004939700003887992,0.3129,1.0
36,HistGradientBoosting,0.16193429999839282,0.2791,1.0
37,Logistic regression,0.005945400000200607,0.31425,1.0
37,HistGradientBoosting,0.1599662000007811,0.27885,1.0
38,Logistic regression,0.005934000000706874,0.31165,1.0
38,HistGradientBoosting,0.17938169999979436,0.2799,1.0
39,Logistic regression,0.0060069999963161536,0.3189,1.0
39,HistGradientBoosting,0.16168040000047768,0.28665,1.0
40,Logistic regression,0.00571489999856567,0.31675,1.0
40,HistGradientBoosting,0.1584487000000081,0.2808,1.0
41,Logistic regression,0.005990699995891191,0.3126,1.0
41,HistGradientBoosting,0.16631210000196006,0.2811,1.0
42,Logistic regression,0.005947300000116229,0.3107,1.0
42,HistGradientBoosting,0.1654640999986441,0.28495,1.0
43,Logistic regression,0.0064252000011038035,0.30795,1.0
43,HistGradientBoosting,0.1699746000012965,0.27955,1.0
44,Logistic regression,0.005396400003519375,0.32055,1.0
44,HistGradientBoosting,0.15685820000362583,0.28675,1.0
45,Logistic regression,0.00978150000446476,0.3126,1.0
45,HistGradientBoosting,0.17182400000456255,0.2831,1.0
46,Logistic regression,0.006607900002563838,0.3173,1.0
46,HistGradientBoosting,0.15761949999432545,0.28845,1.0
47,Logistic regression,0.005774299999757204,0.31445,1.0
47,HistGradientBoosting,0.15906640000321204,0.2812,1.0
48,Logistic regression,0.005310900000040419,0.3193,1.0
48,HistGradientBoosting,0.16741950000141514,0.28005,1.0
49,Logistic regression,0.006084699998609722,0.3091,1.0
49,HistGradientBoosting,0.14953249999962281,0.27555,1.0
50,Logistic regression,0.005832499999087304,0.3178,1.0
50,HistGradientBoosting,0.15300359999673674,0.288,1.0
51,Logistic regression,0.00584789999993518,0.31995,1.0
51,HistGradientBoosting,0.16693259999738075,0.2836,1.0
52,Logistic regression,0.005694200001016725,0.32055,1.0
52,HistGradientBoosting,0.15118620000430383,0.2885,1.0
53,Logistic regression,0.005454500002088025,0.316,1.0
53,HistGradientBoosting,0.16176090000226395,0.2912,1.0
54,Logistic regression,0.00602939999953378,0.31915,1.0
54,HistGradientBoosting,0.18008440000267,0.2872,1.0
55,Logistic regression,0.006731800000125077,0.31315,1.0
55,HistGradientBoosting,0.20562310000241268,0.28935,1.0
56,Logistic regression,0.0062459999971906655,0.31265,1.0
56,HistGradientBoosting,0.1643084999959683,0.27575,1.0
57,Logistic regression,0.005999300003168173,0.3145,1.0
57,HistGradientBoosting,0.15802940000139643,0.2915,1.0
58,Logistic regression,0.005729800002882257,0.31435,1.0
58,HistGradientBoosting,0.15854550000221934,0.27815,1.0
59,Logistic regression,0.005871699999261182,0.3168,1.0
59,HistGradientBoosting,0.15514310000435216,0.28435,1.0
60,Logistic regression,0.005641700001433492,0.31415,1.0
60,HistGradientBoosting,0.1547352999987197,0.28305,1.0
61,Logistic regression,0.005960300004517194,0.31195,1.0
61,HistGradientBoosting,0.15393849999964004,0.2773,1.0
62,Logistic regression,0.00572929999907501,0.31015,1.0
62,HistGradientBoosting,0.17235920000530314,0.2816,1.0
63,Logistic regression,0.006256600005144719,0.3159,1.0
63,HistGradientBoosting,0.16211489999841433,0.27855,1.0
64,Logistic regression,0.0054430999953183345,0.3113,1.0
64,HistGradientBoosting,0.15441979999741307,0.27705,1.0
65,Logistic regression,0.005186599999433383,0.31415,1.0
65,HistGradientBoosting,0.15594850000343286,0.27705,1.0
66,Logistic regression,0.0059552999955485575,0.3168,1.0
66,HistGradientBoosting,0.15652550000231713,0.28135,1.0
67,Logistic regression,0.0074647000001277775,0.3152,1.0
67,HistGradientBoosting,0.17893180000100983,0.28265,1.0
68,Logistic regression,0.005447399998956826,0.3138,1.0
68,HistGradientBoosting,0.16182059999846388,0.27665,1.0
69,Logistic regression,0.006645800000114832,0.3164,1.0
69,HistGradientBoosting,0.1591511000005994,0.2843,1.0
70,Logistic regression,0.005648199999995995,0.31425,1.0
70,HistGradientBoosting,0.17497259999800008,0.2842,1.0
71,Logistic regression,0.007602899997436907,0.3113,1.0
71,HistGradientBoosting,0.17582380000385456,0.2836,1.0
72,Logistic regression,0.006241600000066683,0.3163,1.0
72,HistGradientBoosting,0.16129430000000866,0.28565,1.0
73,Logistic regression,0.006252999999560416,0.31525,1.0
73,HistGradientBoosting,0.1579691000006278,0.28495,1.0
74,Logistic regression,0.005756799997470807,0.3106,1.0
74,HistGradientBoosting,0.15700250000372762,0.27995,1.0
75,Logistic regression,0.006510999999591149,0.30925,1.0
75,HistGradientBoosting,0.15841079999518115,0.28275,1.0
76,Logistic regression,0.005712999998650048,0.3186,1.0
76,HistGradientBoosting,0.15591949999361532,0.28695,1.0
77,Logistic regression,0.006491799998912029,0.322,0.9375
77,HistGradientBoosting,0.1532385999962571,0.28445,1.0
78,Logistic regression,0.005746900002122857,0.3138,1.0
78,HistGradientBoosting,0.19241669999610167,0.2783,1.0
79,Logistic regression,0.006776599999284372,0.31065,1.0
79,HistGradientBoosting,0.17198350000398932,0.286,1.0
80,Logistic regression,0.004152999994403217,0.31145,1.0
80,HistGradientBoosting,0.16195539999898756,0.2791,1.0
81,Logistic regression,0.006167799998365808,0.31285,1.0
81,HistGradientBoosting,0.1477655999988201,0.288,1.0
82,Logistic regression,0.005918900002143346,0.3087,1.0
82,HistGradientBoosting,0.15863620000163792,0.2774,1.0
83,Logistic regression,0.006036900005710777,0.3143,1.0
83,HistGradientBoosting,0.169236900001124,0.28555,1.0
84,Logistic regression,0.007401499999104999,0.32065,1.0
84,HistGradientBoosting,0.22734330000093905,0.28795,1.0
85,Logistic regression,0.005653599997458514,0.3135,1.0
85,HistGradientBoosting,0.16173439999693073,0.28405,1.0
86,Logistic regression,0.005556900003284682,0.31315,1.0
86,HistGradientBoosting,0.14998380000179168,0.2831,1.0
87,Logistic regression,0.00551679999625776,0.3249,1.0
87,HistGradientBoosting,0.1577222000050824,0.2889,1.0
88,Logistic regression,0.0062719999987166375,0.3177,1.0
88,HistGradientBoosting,0.17409769999358105,0.28885,1.0
89,Logistic regression,0.0031300999980885535,0.3196,1.0
89,HistGradientBoosting,0.0842791999966721,0.2869,1.0
90,Logistic regression,0.00590609999926528,0.31235,1.0
90,HistGradientBoosting,0.15968309999880148,0.2815,1.0
91,Logistic regression,0.0058616000023903325,0.3146,1.0
91,HistGradientBoosting,0.1599387000023853,0.28265,1.0
92,Logistic regression,0.005829599998833146,0.31555,1.0
92,HistGradientBoosting,0.1591007000024547,0.28305,1.0
93,Logistic regression,0.006987100001424551,0.3178,1.0
93,HistGradientBoosting,0.15944129999843426,0.2872,1.0
94,Logistic regression,0.006392199997208081,0.3157,1.0
94,HistGradientBoosting,0.1687367999984417,0.28215,1.0
95,Logistic regression,0.006517200003145263,0.3141,1.0
95,HistGradientBoosting,0.15924160000577103,0.2806,1.0
96,Logistic regression,0.005001500001526438,0.31035,1.0
96,HistGradientBoosting,0.15992389999883017,0.2839,1.0
97,Logistic regression,0.007626999999047257,0.31125,1.0
97,HistGradientBoosting,0.1705971000046702,0.28335,1.0
98,Logistic regression,0.006601499997486826,0.3141,1.0
98,HistGradientBoosting,0.15271170000050915,0.27875,1.0
99,Logistic regression,0.00575570000364678,0.31035,1.0
99,HistGradientBoosting,0.15837420000025304,0.2877,1.0
100,Logistic regression,0.006319100000837352,0.31485,1.0
100,HistGradientBoosting,0.16452320000098553,0.281,1.0
101,Logistic regression,0.005616499998723157,0.3099,1.0
101,HistGradientBoosting,0.16020120000030147,0.28045,1.0
102,Logistic regression,0.005815999997139443,0.31565,1.0
102,HistGradientBoosting,0.16248320000158856,0.2866,1.0
103,Logistic regression,0.005604999998467974,0.31215,1.0
103,HistGradientBoosting,0.17573670000274433,0.2831,1.0
104,Logistic regression,0.005849799999850802,0.31635,1.0
104,HistGradientBoosting,0.16269379999721423,0.288,1.0
105,Logistic regression,0.006691700000374112,0.31485,1.0
105,HistGradientBoosting,0.16236260000005132,0.28595,1.0
106,Logistic regression,0.006778100003430154,0.3145,1.0
106,HistGradientBoosting,0.15736160000233212,0.27835,1.0
107,Logistic regression,0.00581860000238521,0.31715,1.0
107,HistGradientBoosting,0.15214389999891864,0.28265,1.0
108,Logistic regression,0.0063599999994039536,0.3153,1.0
108,HistGradientBoosting,0.17830770000000484,0.28375,1.0
109,Logistic regression,0.005502500003785826,0.31725,1.0
109,HistGradientBoosting,0.16804850000335136,0.2825,1.0
110,Logistic regression,0.00585970000247471,0.31475,1.0
110,HistGradientBoosting,0.15980539999873145,0.27585,1.0
111,Logistic regression,0.0074494999935268424,0.3185,1.0
111,HistGradientBoosting,0.1790465000012773,0.2888,1.0
112,Logistic regression,0.006812699997681193,0.3186,1.0
112,HistGradientBoosting,0.15361790000315523,0.28745,1.0
113,Logistic regression,0.005865599996468518,0.3136,1.0
113,HistGradientBoosting,0.15252809999947203,0.2837,1.0
114,Logistic regression,0.005776600002718624,0.30955,1.0
114,HistGradientBoosting,0.15746999999828404,0.28085,1.0
115,Logistic regression,0.006587000003491994,0.3158,1.0
115,HistGradientBoosting,0.16622559999814257,0.28185,1.0
116,Logistic regression,0.006127499997091945,0.3177,1.0
116,HistGradientBoosting,0.18898060000356054,0.28635,1.0
117,Logistic regression,0.005734899998060428,0.3107,1.0
117,HistGradientBoosting,0.16933439999411348,0.27935,1.0
118,Logistic regression,0.007367799997155089,0.3066,1.0
118,HistGradientBoosting,0.129054900004121,0.2769,1.0
119,Logistic regression,0.006379600003128871,0.31045,1.0
119,HistGradientBoosting,0.16483010000229115,0.2803,1.0
120,Logistic regression,0.00554299999930663,0.312,1.0
120,HistGradientBoosting,0.155900699995982,0.2845,1.0
121,Logistic regression,0.0072249000004376285,0.31525,1.0
121,HistGradientBoosting,0.18033229999855394,0.28235,1.0
122,Logistic regression,0.006033199999365024,0.314,1.0
122,HistGradientBoosting,0.16788359999918612,0.2879,1.0
123,Logistic regression,0.0062840000027790666,0.31525,1.0
123,HistGradientBoosting,0.15307519999623764,0.2781,1.0
124,Logistic regression,0.00555010000243783,0.3089,1.0
124,HistGradientBoosting,0.16184050000447314,0.27885,1.0
125,Logistic regression,0.004665700005716644,0.3101,1.0
125,HistGradientBoosting,0.18421059999673162,0.278,1.0
126,Logistic regression,0.006018799998855684,0.3126,1.0
126,HistGradientBoosting,0.1685501000029035,0.28785,1.0
127,Logistic regression,0.006630100004258566,0.313,1.0
127,HistGradientBoosting,0.1654089000003296,0.28065,1.0
128,Logistic regression,0.006693700001051184,0.3162,1.0
128,HistGradientBoosting,0.17840470000373898,0.27995,1.0
129,Logistic regression,0.006921100000909064,0.3085,1.0
129,HistGradientBoosting,0.168295900002704,0.2796,1.0
130,Logistic regression,0.005893399997148663,0.31535,1.0
130,HistGradientBoosting,0.10197380000317935,0.28275,1.0
131,Logistic regression,0.00591790000180481,0.31785,1.0
131,HistGradientBoosting,0.16918389999773353,0.28305,1.0
132,Logistic regression,0.006251699996937532,0.3175,1.0
132,HistGradientBoosting,0.18998880000435747,0.29335,1.0
133,Logistic regression,0.006390399998053908,0.3101,1.0
133,HistGradientBoosting,0.169560399997863,0.27875,1.0
134,Logistic regression,0.006463400000939146,0.30995,1.0
134,HistGradientBoosting,0.18108689999644412,0.28625,1.0
135,Logistic regression,0.006720100005622953,0.3061,1.0
135,HistGradientBoosting,0.1843691000030958,0.2732,1.0
136,Logistic regression,0.005712899997888599,0.30995,1.0
136,HistGradientBoosting,0.1584041000023717,0.27345,1.0
137,Logistic regression,0.006264499999815598,0.30785,1.0
137,HistGradientBoosting,0.16962030000286177,0.2782,1.0
138,Logistic regression,0.006458500000007916,0.31875,1.0
138,HistGradientBoosting,0.16596869999921182,0.2748,1.0
139,Logistic regression,0.007950500003062189,0.31365,1.0
139,HistGradientBoosting,0.1595837000058964,0.2854,1.0
140,Logistic regression,0.006756400005542673,0.31045,1.0
140,HistGradientBoosting,0.159900499995274,0.2747,1.0
141,Logistic regression,0.005399499998020474,0.3141,1.0
141,HistGradientBoosting,0.15834520000498742,0.28765,1.0
142,Logistic regression,0.005666600001859479,0.3177,1.0
142,HistGradientBoosting,0.16548100000363775,0.2815,1.0
143,Logistic regression,0.0058656000037444755,0.3127,1.0
143,HistGradientBoosting,0.16495759999816073,0.2826,1.0
144,Logistic regression,0.0058315999995102175,0.3116,1.0
144,HistGradientBoosting,0.16680440000345698,0.27815,1.0
145,Logistic regression,0.005865899998752866,0.3179,1.0
145,HistGradientBoosting,0.17094930000166642,0.2926,1.0
146,Logistic regression,0.005999799999699462,0.316,1.0
146,HistGradientBoosting,0.16480370000499533,0.2813,1.0
147,Logistic regression,0.006123999999545049,0.31695,1.0
147,HistGradientBoosting,0.1624093000064022,0.2913,1.0
148,Logistic regression,0.006819300004281104,0.3206,1.0
148,HistGradientBoosting,0.1544727000000421,0.28215,1.0
149,Logistic regression,0.0057186999983969145,0.30965,1.0
149,HistGradientBoosting,0.1575987999967765,0.28225,1.0
150,Logistic regression,0.005874900001799688,0.31605,1.0
150,HistGradientBoosting,0.1697206999961054,0.2842,1.0
151,Logistic regression,0.005301600001985207,0.31305,1.0
151,HistGradientBoosting,0.18798640000022715,0.2821,1.0
152,Logistic regression,0.00632719999703113,0.31485,1.0
152,HistGradientBoosting,0.16628900000068825,0.2838,1.0
153,Logistic regression,0.007805599998391699,0.32665,1.0
153,HistGradientBoosting,0.1797736000007717,0.2873,1.0
154,Logistic regression,0.006037099999957718,0.315,1.0
154,HistGradientBoosting,0.15664819999801693,0.2806,1.0
155,Logistic regression,0.005857099997228943,0.3105,1.0
155,HistGradientBoosting,0.16144969999731984,0.2723,1.0
156,Logistic regression,0.0059196000001975335,0.31385,1.0
156,HistGradientBoosting,0.10681400000612484,0.28775,1.0
157,Logistic regression,0.003720400003658142,0.3112,1.0
157,HistGradientBoosting,0.12024960000417195,0.28435,1.0
158,Logistic regression,0.005985199997667223,0.3183,1.0
158,HistGradientBoosting,0.16173780000099214,0.2815,1.0
159,Logistic regression,0.005609400002867915,0.311,1.0
159,HistGradientBoosting,0.17202769999857992,0.2754,1.0
160,Logistic regression,0.006619899999350309,0.31495,1.0
160,HistGradientBoosting,0.16125130000000354,0.2756,1.0
161,Logistic regression,0.005774599994765595,0.32135,1.0
161,HistGradientBoosting,0.15687069999694359,0.28205,1.0
162,Logistic regression,0.006048000002920162,0.31185,1.0
162,HistGradientBoosting,0.16089529999590013,0.2858,1.0
163,Logistic regression,0.006255300002521835,0.31645,1.0
163,HistGradientBoosting,0.16170539999438915,0.29035,1.0
164,Logistic regression,0.0063921000037225895,0.3102,1.0
164,HistGradientBoosting,0.18537049999576993,0.275,1.0
165,Logistic regression,0.005689600002369843,0.3103,1.0
165,HistGradientBoosting,0.2049546999987797,0.27875,1.0
166,Logistic regression,0.005389199999626726,0.3193,1.0
166,HistGradientBoosting,0.15673860000242712,0.2823,1.0
167,Logistic regression,0.005989599994791206,0.3125,1.0
167,HistGradientBoosting,0.1884998999958043,0.2826,1.0
168,Logistic regression,0.007847799999581184,0.3212,1.0
168,HistGradientBoosting,0.16763840000203345,0.29095,1.0
169,Logistic regression,0.00574600000254577,0.32,1.0
169,HistGradientBoosting,0.15754630000446923,0.28265,1.0
170,Logistic regression,0.006370000002789311,0.3146,1.0
170,HistGradientBoosting,0.15913580000051297,0.28335,1.0
171,Logistic regression,0.006030199998349417,0.31325,1.0
171,HistGradientBoosting,0.16631380000035278,0.2804,1.0
172,Logistic regression,0.005840300000272691,0.31955,1.0
172,HistGradientBoosting,0.1583625999992364,0.27965,1.0
173,Logistic regression,0.0060486000002129,0.31355,1.0
173,HistGradientBoosting,0.15302649999648565,0.2791,1.0
174,Logistic regression,0.006270099998801015,0.3101,1.0
174,HistGradientBoosting,0.15884980000555515,0.27905,1.0
175,Logistic regression,0.005853399998159148,0.3104,1.0
175,HistGradientBoosting,0.15991599999688333,0.27315,1.0
176,Logistic regression,0.0062459999971906655,0.32005,1.0
176,HistGradientBoosting,0.1615550999995321,0.2814,1.0
177,Logistic regression,0.00940150000678841,0.3107,1.0
177,HistGradientBoosting,0.1613526000001002,0.2806,1.0
178,Logistic regression,0.005048999999416992,0.31405,1.0
178,HistGradientBoosting,0.16716430000087712,0.2835,1.0
179,Logistic regression,0.005979100002150517,0.3186,1.0
179,HistGradientBoosting,0.16046210000058636,0.2765,1.0
180,Logistic regression,0.005706600000848994,0.31625,1.0
180,HistGradientBoosting,0.08834689999639522,0.2835,1.0
181,Logistic regression,0.005652300002111588,0.30995,1.0
181,HistGradientBoosting,0.1692029999976512,0.2748,1.0
182,Logistic regression,0.0054359999994630925,0.31795,1.0
182,HistGradientBoosting,0.1716080999976839,0.2845,1.0
183,Logistic regression,0.006969400004891213,0.31505,1.0
183,HistGradientBoosting,0.15764910000143573,0.28425,1.0
184,Logistic regression,0.006715000003168825,0.3212,1.0
184,HistGradientBoosting,0.16377189999911934,0.2868,1.0
185,Logistic regression,0.006434300004912075,0.31715,1.0
185,HistGradientBoosting,0.16553060000296682,0.2866,1.0
186,Logistic regression,0.005766800000856165,0.3098,1.0
186,HistGradientBoosting,0.1573902999953134,0.2845,1.0
187,Logistic regression,0.005501400002685841,0.3204,1.0
187,HistGradientBoosting,0.17490800000086892,0.28765,1.0
188,Logistic regression,0.00611120000394294,0.3122,1.0
188,HistGradientBoosting,0.15946610000537476,0.2807,1.0
189,Logistic regression,0.00611870000284398,0.31155,1.0
189,HistGradientBoosting,0.1643229000037536,0.29215,1.0
190,Logistic regression,0.005697699998563621,0.31695,1.0
190,HistGradientBoosting,0.15965469999355264,0.2815,1.0
191,Logistic regression,0.005694499996025115,0.31535,1.0
191,HistGradientBoosting,0.16426610000053188,0.2796,1.0
192,Logistic regression,0.005906800004595425,0.31595,1.0
192,HistGradientBoosting,0.20954840000194963,0.28335,1.0
193,Logistic regression,0.005978100001811981,0.31585,1.0
193,HistGradientBoosting,0.16597860000183573,0.2858,1.0
194,Logistic regression,0.006598100000701379,0.31435,1.0
194,HistGradientBoosting,0.11962559999665245,0.2858,1.0
195,Logistic regression,0.006092099996749312,0.32175,1.0
195,HistGradientBoosting,0.15968599999905564,0.2803,1.0
196,Logistic regression,0.005415699997683987,0.30995,1.0
196,HistGradientBoosting,0.15977940000448143,0.28695,1.0
197,Logistic regression,0.005592900000920054,0.3079,1.0
197,HistGradientBoosting,0.15518539999902714,0.27815,1.0
198,Logistic regression,0.0056507000044803135,0.31735,1.0
198,HistGradientBoosting,0.16770309999992605,0.2928,1.0
199,Logistic regression,0.0057482000047457404,0.3138,1.0
199,HistGradientBoosting,0.16096719999768538,0.2837,1.0
