Model,method,replications,reference_containment,reference_containment_mcse,reference_containment_lo,reference_containment_hi,containment_lower,containment_lower_mcse,containment_lower_lo,containment_lower_hi,containment_upper,containment_upper_mcse,containment_upper_lo,containment_upper_hi,reference_ARR,reference_ARR_mcse,reference_UCP,reference_UCP_mcse,reference_n_certified,reference_n_certified_mcse,ambiguous_environments,ambiguous_environments_mcse,reference_halfwidth_max,reference_halfwidth_max_mcse,inference_seconds,inference_seconds_mcse
Logistic regression,normal_bonferroni,200,1.0,0.0,0.9811546736227335,1.0,0.96,0.013891177924157585,0.923067931799067,0.9795943679338476,1.0,0.0,0.9811546736227335,1.0,0.166875,0.01651284095657941,0.0,0.0,2.67,0.26420545530527056,1.775,0.12469812795538626,0.01209168682666249,2.241616909880811e-06,0.0007923870000013267,1.195161158533019e-05
Logistic regression,multiplier,200,1.0,0.0,0.9811546736227335,1.0,0.94,0.016834995854681276,0.8980683070423372,0.9653478057456681,1.0,0.0,0.9811546736227335,1.0,0.2365625,0.018942051918235142,0.0,0.0,3.785,0.3030728306917623,1.775,0.12469812795538626,0.01209168682666249,2.241616909880811e-06,0.0027577315002054095,3.317591080954033e-05
Logistic regression,exact_bonferroni,200,1.0,0.0,0.9811546736227335,1.0,0.97,0.012092607484694706,0.9361057075454807,0.9861796856598887,1.0,0.0,0.9811546736227335,1.0,0.13875,0.015297510225375809,0.0,0.0,2.22,0.24476016360601294,1.775,0.12469812795538626,0.01209168682666249,2.241616909880811e-06,0.0009597285003474099,1.3534428171241082e-05
Logistic regression,hoeffding,200,1.0,0.0,0.9811546736227335,1.0,0.995,0.005000000000000002,0.9722262956021069,0.9991168312843989,1.0,0.0,0.9811546736227335,1.0,0.0465625,0.009440178577581738,0.0,0.0,0.745,0.1510428572413078,1.775,0.12469812795538626,0.01209168682666249,2.241616909880811e-06,0.0003264930002114852,5.450612990801426e-06
Logistic regression,holm,200,1.0,0.0,0.9811546736227335,1.0,0.955,0.014695399751940971,0.9167032959981803,0.976147456998507,1.0,0.0,0.9811546736227335,1.0,0.166875,0.01869290931525485,0.0,0.0,2.67,0.2990865490440776,1.775,0.12469812795538626,0.01209168682666249,2.241616909880811e-06,0.0005457805001060479,7.6277397966182635e-06
HistGradientBoosting,normal_bonferroni,200,1.0,0.0,0.9811546736227335,1.0,1.0,0.0,0.9811546736227335,1.0,1.0,0.0,0.9811546736227335,1.0,0.6690625,0.01621104179561715,0.0,0.0,10.705,0.2593766687298744,0.005,0.005000000000000001,0.011915677845909457,3.257518279256303e-06,0.0007637100001375074,1.4927026649175877e-05
HistGradientBoosting,multiplier,200,1.0,0.0,0.9811546736227335,1.0,1.0,0.0,0.9811546736227335,1.0,1.0,0.0,0.9811546736227335,1.0,0.7353125,0.01522559561323097,0.0,0.0,11.765,0.2436095298116955,0.005,0.005000000000000001,0.011915677845909457,3.257518279256303e-06,0.002672562000079779,3.415114773649862e-05
HistGradientBoosting,exact_bonferroni,200,1.0,0.0,0.9811546736227335,1.0,1.0,0.0,0.9811546736227335,1.0,1.0,0.0,0.9811546736227335,1.0,0.6309375,0.016751757178324837,0.0,0.0,10.095,0.2680281148531974,0.005,0.005000000000000001,0.011915677845909457,3.257518279256303e-06,0.0009128185001463862,1.394362866130166e-05
HistGradientBoosting,hoeffding,200,1.0,0.0,0.9811546736227335,1.0,1.0,0.0,0.9811546736227335,1.0,1.0,0.0,0.9811546736227335,1.0,0.395,0.018077122261196087,0.0,0.0,6.32,0.2892339561791374,0.005,0.005000000000000001,0.011915677845909457,3.257518279256303e-06,0.00031242949997249524,5.617704077966041e-06
HistGradientBoosting,holm,200,1.0,0.0,0.9811546736227335,1.0,1.0,0.0,0.9811546736227335,1.0,1.0,0.0,0.9811546736227335,1.0,0.731875,0.018415088904804647,0.0,0.0,11.71,0.29464142247687436,0.005,0.005000000000000001,0.011915677845909457,3.257518279256303e-06,0.0005148090005241101,6.427322727052826e-06
