n,rho,baseline,replications,ARR_gain,ARR_gain_mcse
500,0.55,normal_bonferroni,300,0.008809523809523809,0.0015536256206152342
1000,0.1,normal_bonferroni,300,-9.251858538542972e-20,0.0007541812704285123
1000,0.55,normal_bonferroni,300,0.012142857142857143,0.001623330292234365
1000,0.9,normal_bonferroni,300,0.06595238095238094,0.0037952381851596283
5000,0.55,normal_bonferroni,300,0.012142857142857144,0.0016579985269651908
500,0.55,exact_bonferroni,300,0.036904761904761905,0.0029491927259853354
1000,0.1,exact_bonferroni,300,0.019523809523809523,0.001989476252499133
1000,0.55,exact_bonferroni,300,0.03619047619047619,0.002891443519684652
1000,0.9,exact_bonferroni,300,0.09214285714285712,0.0041429889429913614
5000,0.55,exact_bonferroni,300,0.016428571428571428,0.001864674109036256
500,0.55,holm,300,0.03452380952380952,0.0028710113590985115
1000,0.1,holm,300,0.010952380952380951,0.00163409809476667
1000,0.55,holm,300,0.024047619047619043,0.002299902545353421
1000,0.9,holm,300,0.08047619047619048,0.00409754858025431
5000,0.55,holm,300,0.0030952380952380953,0.001024040055972263
