containment,ARR,UCP,n_certified,n_true_safe,rep,K_selected,simultaneous_coverage
1.0,0.07142857142857142,0.0,1,14,0,30,1.0
1.0,0.0625,0.0,1,16,1,30,1.0
1.0,0.2,0.0,2,10,2,17,1.0
1.0,0.25925925925925924,0.0,7,27,3,38,1.0
1.0,0.25,0.0,2,8,4,21,1.0
1.0,0.125,0.0,1,8,5,17,1.0
1.0,0.10344827586206896,0.0,3,29,6,38,1.0
1.0,0.15384615384615385,0.0,6,39,7,44,1.0
1.0,0.23076923076923078,0.0,3,13,8,27,1.0
1.0,0.037037037037037035,0.0,1,27,9,35,1.0
1.0,0.0625,0.0,1,16,10,30,1.0
1.0,0.10714285714285714,0.0,3,28,11,34,1.0
1.0,0.07692307692307693,0.0,1,13,12,22,1.0
1.0,0.23529411764705882,0.0,4,17,13,28,1.0
1.0,0.07142857142857142,0.0,1,14,14,22,1.0
1.0,0.07407407407407407,0.0,2,27,15,34,1.0
1.0,0.05555555555555555,0.0,1,18,16,29,1.0
1.0,0.14285714285714285,0.0,4,28,17,37,1.0
1.0,0.53125,0.0,17,32,18,42,0.0
1.0,0.08823529411764706,0.0,3,34,19,38,1.0
1.0,0.4,0.0,12,30,20,38,1.0
1.0,0.45454545454545453,0.0,15,33,21,38,0.0
1.0,0.1,0.0,2,20,22,26,1.0
1.0,0.11764705882352941,0.0,2,17,23,29,1.0
1.0,0.18181818181818182,0.0,4,22,24,35,1.0
1.0,0.0967741935483871,0.0,3,31,25,38,1.0
1.0,0.11764705882352941,0.0,2,17,26,32,1.0
1.0,0.1875,0.0,3,16,27,29,1.0
1.0,0.2,0.0,1,5,28,15,1.0
1.0,0.04,0.0,1,25,29,37,1.0
1.0,0.14285714285714285,0.0,2,14,30,28,1.0
1.0,0.11764705882352941,0.0,2,17,31,26,1.0
1.0,0.5,0.0,2,4,32,10,1.0
1.0,0.058823529411764705,0.0,2,34,33,43,1.0
1.0,0.2,0.0,3,15,34,28,1.0
1.0,0.25,0.0,2,8,35,18,1.0
1.0,0.15625,0.0,5,32,36,38,1.0
1.0,0.25,0.0,4,16,37,24,1.0
1.0,0.2564102564102564,0.0,10,39,38,42,1.0
1.0,0.3488372093023256,0.0,15,43,39,45,1.0
1.0,0.14285714285714285,0.0,2,14,40,24,1.0
1.0,0.28205128205128205,0.0,11,39,41,42,1.0
1.0,0.08108108108108109,0.0,3,37,42,43,1.0
1.0,0.08333333333333333,0.0,1,12,43,27,1.0
1.0,0.16666666666666666,0.0,4,24,44,31,1.0
1.0,0.07692307692307693,0.0,2,26,45,36,1.0
1.0,0.1111111111111111,0.0,1,9,46,16,1.0
1.0,0.07142857142857142,0.0,1,14,47,30,1.0
1.0,0.08333333333333333,0.0,1,12,48,26,1.0
1.0,0.058823529411764705,0.0,1,17,49,30,1.0
1.0,0.1,0.0,4,40,50,51,1.0
1.0,0.10526315789473684,0.0,2,19,51,28,1.0
1.0,0.14705882352941177,0.0,5,34,52,44,1.0
1.0,0.23076923076923078,0.0,3,13,53,19,1.0
1.0,0.3548387096774194,0.0,11,31,54,32,1.0
1.0,0.08,0.0,2,25,55,34,1.0
1.0,0.2222222222222222,0.0,2,9,56,18,0.0
1.0,0.19230769230769232,0.0,5,26,57,42,1.0
1.0,0.45652173913043476,0.0,21,46,58,47,1.0
1.0,0.25,0.0,1,4,59,13,1.0
1.0,0.20930232558139536,0.0,9,43,60,46,1.0
1.0,0.1,0.0,1,10,61,23,1.0
1.0,0.14285714285714285,0.0,2,14,62,19,1.0
1.0,0.18181818181818182,0.0,2,11,63,20,1.0
1.0,0.03571428571428571,0.0,1,28,64,35,1.0
1.0,0.36363636363636365,0.0,4,11,65,25,1.0
1.0,0.3076923076923077,0.0,12,39,66,41,1.0
1.0,0.0625,0.0,1,16,67,30,1.0
1.0,0.3333333333333333,0.0,1,3,68,11,1.0
1.0,0.375,0.0,15,40,69,45,1.0
1.0,0.2,0.0,2,10,70,21,1.0
1.0,0.16666666666666666,0.0,5,30,71,32,1.0
1.0,0.3157894736842105,0.0,6,19,72,28,1.0
1.0,0.14285714285714285,0.0,3,21,73,35,1.0
1.0,0.1935483870967742,0.0,6,31,74,36,1.0
1.0,0.16216216216216217,0.0,6,37,75,42,1.0
1.0,0.047619047619047616,0.0,1,21,76,33,1.0
1.0,0.1,0.0,1,10,77,23,1.0
1.0,0.09090909090909091,0.0,3,33,78,36,1.0
1.0,0.12903225806451613,0.0,4,31,79,38,1.0
1.0,0.17142857142857143,0.0,6,35,80,41,1.0
1.0,0.09375,0.0,3,32,81,38,1.0
1.0,0.16666666666666666,0.0,5,30,82,40,1.0
1.0,0.18421052631578946,0.0,7,38,83,44,1.0
1.0,0.17777777777777778,0.0,8,45,84,49,1.0
1.0,0.1111111111111111,0.0,1,9,85,21,1.0
1.0,0.25,0.0,5,20,86,33,1.0
1.0,0.24,0.0,6,25,87,33,0.0
1.0,0.10344827586206896,0.0,3,29,88,34,1.0
1.0,0.25,0.0,6,24,89,30,1.0
1.0,0.10526315789473684,0.0,2,19,90,34,1.0
1.0,0.1111111111111111,0.0,3,27,91,36,1.0
1.0,0.11363636363636363,0.0,5,44,92,47,1.0
1.0,0.23809523809523808,0.0,5,21,93,28,1.0
1.0,0.23076923076923078,0.0,9,39,94,49,1.0
1.0,0.1,0.0,1,10,95,21,1.0
1.0,0.041666666666666664,0.0,1,24,96,35,1.0
1.0,0.25,0.0,4,16,97,29,0.0
1.0,0.058823529411764705,0.0,1,17,98,31,1.0
1.0,0.13043478260869565,0.0,3,23,99,32,1.0
1.0,0.1875,0.0,6,32,100,37,1.0
1.0,0.07142857142857142,0.0,1,14,101,31,1.0
1.0,0.0625,0.0,1,16,102,30,1.0
1.0,0.05263157894736842,0.0,1,19,103,34,1.0
1.0,0.06896551724137931,0.0,2,29,104,38,1.0
1.0,0.1,0.0,4,40,105,46,1.0
1.0,0.4,0.0,8,20,106,28,0.0
1.0,0.034482758620689655,0.0,1,29,107,34,1.0
1.0,0.25,0.0,1,4,108,11,1.0
1.0,0.06666666666666667,0.0,2,30,109,43,1.0
1.0,0.0967741935483871,0.0,3,31,110,39,1.0
1.0,0.08571428571428572,0.0,3,35,111,41,1.0
1.0,0.14285714285714285,0.0,3,21,112,29,1.0
1.0,0.045454545454545456,0.0,1,22,113,34,1.0
1.0,0.21428571428571427,0.0,6,28,114,36,1.0
1.0,0.19047619047619047,0.0,4,21,115,33,1.0
1.0,0.12,0.0,3,25,116,34,1.0
1.0,0.05,0.0,1,20,117,31,1.0
1.0,0.23333333333333334,0.0,7,30,118,40,1.0
1.0,0.13157894736842105,0.0,5,38,119,40,1.0
1.0,0.125,0.0,1,8,120,19,1.0
1.0,0.23076923076923078,0.0,3,13,121,24,1.0
1.0,0.3783783783783784,0.0,14,37,122,37,1.0
1.0,0.08,0.0,2,25,123,36,1.0
1.0,0.125,0.0,1,8,124,24,1.0
1.0,0.12903225806451613,0.0,4,31,125,38,1.0
1.0,0.21052631578947367,0.0,4,19,126,28,1.0
1.0,0.17391304347826086,0.0,4,23,127,35,1.0
1.0,0.12903225806451613,0.0,4,31,128,40,1.0
1.0,0.25,0.0,2,8,129,22,1.0
1.0,0.34782608695652173,0.0,8,23,130,34,1.0
1.0,0.23809523809523808,0.0,5,21,131,32,1.0
1.0,0.043478260869565216,0.0,1,23,132,33,1.0
1.0,0.11764705882352941,0.0,2,17,133,26,1.0
1.0,0.2727272727272727,0.0,3,11,134,22,1.0
1.0,0.09090909090909091,0.0,2,22,135,32,1.0
1.0,0.24242424242424243,0.0,8,33,136,34,1.0
1.0,0.3333333333333333,0.0,9,27,137,36,1.0
1.0,0.2,0.0,5,25,138,37,1.0
1.0,0.07692307692307693,0.0,2,26,139,37,1.0
1.0,0.05,0.0,1,20,140,29,1.0
1.0,0.05,0.0,1,20,141,29,1.0
1.0,0.16666666666666666,0.0,4,24,142,31,1.0
1.0,0.05263157894736842,0.0,1,19,143,29,1.0
1.0,0.06896551724137931,0.0,2,29,144,36,1.0
1.0,0.037037037037037035,0.0,1,27,145,39,1.0
1.0,0.07317073170731707,0.0,3,41,146,46,1.0
1.0,0.14285714285714285,0.0,1,7,147,19,1.0
1.0,0.14285714285714285,0.0,4,28,148,37,1.0
1.0,0.11428571428571428,0.0,4,35,149,43,1.0
1.0,0.13333333333333333,0.0,2,15,150,27,1.0
1.0,0.16666666666666666,0.0,5,30,151,40,1.0
1.0,0.1,0.0,2,20,152,37,1.0
1.0,0.03225806451612903,0.0,1,31,153,35,1.0
1.0,0.125,0.0,4,32,154,39,1.0
1.0,0.1111111111111111,0.0,3,27,155,33,1.0
1.0,0.11764705882352941,0.0,4,34,156,45,1.0
1.0,0.14285714285714285,0.0,4,28,157,31,1.0
1.0,0.18518518518518517,0.0,5,27,158,31,1.0
1.0,0.12121212121212122,0.0,4,33,159,37,1.0
1.0,0.3333333333333333,0.0,6,18,160,29,0.0
1.0,0.3,0.0,6,20,161,29,1.0
1.0,0.05,0.0,1,20,162,29,1.0
1.0,0.058823529411764705,0.0,2,34,163,36,1.0
1.0,0.17391304347826086,0.0,4,23,164,31,1.0
1.0,0.3870967741935484,0.0,12,31,165,31,0.0
1.0,0.11538461538461539,0.0,3,26,166,30,1.0
1.0,0.18181818181818182,0.0,2,11,167,21,1.0
1.0,0.13333333333333333,0.0,2,15,168,29,1.0
1.0,0.2777777777777778,0.0,5,18,169,30,1.0
1.0,0.19047619047619047,0.0,8,42,170,45,1.0
1.0,0.17647058823529413,0.0,3,17,171,30,1.0
1.0,0.25,0.0,8,32,172,37,1.0
1.0,0.10526315789473684,0.0,2,19,173,31,1.0
1.0,0.15,0.0,3,20,174,32,1.0
1.0,0.13636363636363635,0.0,3,22,175,32,1.0
1.0,0.23076923076923078,0.0,3,13,176,27,1.0
1.0,0.13636363636363635,0.0,3,22,177,35,1.0
1.0,0.25,0.0,3,12,178,27,1.0
1.0,0.13333333333333333,0.0,2,15,179,29,1.0
1.0,0.12195121951219512,0.0,5,41,180,47,1.0
1.0,0.1111111111111111,0.0,1,9,181,17,1.0
1.0,0.3,0.0,6,20,182,31,1.0
1.0,0.14285714285714285,0.0,5,35,183,44,1.0
1.0,0.05263157894736842,0.0,2,38,184,46,1.0
1.0,0.25,0.0,2,8,185,17,1.0
1.0,0.05128205128205128,0.0,2,39,186,39,1.0
1.0,0.041666666666666664,0.0,1,24,187,37,1.0
1.0,0.047619047619047616,0.0,1,21,188,32,1.0
1.0,0.125,0.0,1,8,189,17,1.0
1.0,0.07142857142857142,0.0,1,14,190,28,1.0
1.0,0.23076923076923078,0.0,6,26,191,36,1.0
1.0,0.40625,0.0,13,32,192,35,1.0
1.0,0.07692307692307693,0.0,2,26,193,36,1.0
1.0,0.16666666666666666,0.0,4,24,194,30,1.0
1.0,0.06666666666666667,0.0,2,30,195,37,1.0
1.0,0.17647058823529413,0.0,6,34,196,40,1.0
1.0,0.09090909090909091,0.0,2,22,197,33,1.0
1.0,0.07142857142857142,0.0,1,14,198,28,1.0
1.0,0.2222222222222222,0.0,6,27,199,40,1.0
