n,rho,method,replications,simultaneous_coverage,simultaneous_coverage_mcse,simultaneous_coverage_lo,simultaneous_coverage_hi,containment,containment_mcse,containment_lo,containment_hi,ARR,ARR_mcse,UCP,UCP_mcse,inference_seconds,inference_seconds_mcse
500,0.55,pointwise,300,0.47333333333333333,0.02887459269508958,0.4175289979894712,0.5298119604758378,0.88,0.01879301086907267,0.8383421861729838,0.912049155696361,0.42928571428571416,0.01150458970907776,0.01414342601842602,0.0023220577864991906,0.000572694666722479,8.721244479544868e-06
500,0.55,normal_bonferroni,300,0.91,0.01655031853102111,0.8722229892013517,0.9374097743945206,0.9966666666666667,0.0033333333333333322,0.9813633063054688,0.9994113422781488,0.1664285714285714,0.007076173842717579,0.0004761904761904762,0.0004761904761904761,0.0005293746666332784,7.502442184872704e-06
500,0.55,multiplier,300,0.9033333333333333,0.017089399227609187,0.8646182980304887,0.9318497051817106,0.9966666666666667,0.0033333333333333322,0.9813633063054688,0.9994113422781488,0.17523809523809522,0.007321180126482269,0.0004761904761904762,0.0004761904761904761,0.002867195333286266,3.328077629416021e-05
500,0.55,exact_bonferroni,300,0.9466666666666667,0.012994581954164896,0.9151308582251686,0.9669080874809034,0.9966666666666667,0.0033333333333333322,0.9813633063054688,0.9994113422781488,0.1383333333333333,0.0065652623920589275,0.0005555555555555556,0.0005555555555555553,0.0008238953334027125,1.2019348097713987e-05
500,0.55,hoeffding,300,1.0,0.0,0.9873570287754538,0.9999999999999998,1.0,0.0,0.9873570287754538,0.9999999999999998,0.04071428571428571,0.003660149788086634,0.0,0.0,0.00026629000016934395,4.977681110022798e-06
500,0.55,holm,300,,,,,0.9966666666666667,0.0033333333333333322,0.9813633063054688,0.9994113422781488,0.14071428571428568,0.006849070539232469,0.0005555555555555556,0.0005555555555555553,0.00048149333330608596,6.99251321000434e-06
1000,0.55,pointwise,300,0.5366666666666666,0.028837890554337213,0.4801320652390865,0.5922741168711132,0.95,0.012604081729907205,0.9191529665272558,0.9694683593706526,0.49761904761904757,0.008979720244330086,0.004722379472379472,0.0012141096959916815,0.0007050749998355362,1.0304157457843905e-05
1000,0.55,normal_bonferroni,300,0.96,0.011332611951597257,0.9313957879613599,0.9769726785120576,0.9966666666666667,0.0033333333333333327,0.9813633063054688,0.9994113422781488,0.2697619047619047,0.006796159497885785,0.00037037037037037035,0.00037037037037037035,0.0006539930000144523,8.639023848363693e-06
1000,0.55,multiplier,300,0.95,0.012604081729907205,0.9191529665272558,0.9694683593706526,0.9966666666666667,0.0033333333333333327,0.9813633063054688,0.9994113422781488,0.2819047619047619,0.007135474233006477,0.00037037037037037035,0.00037037037037037035,0.003340047333210047,2.5446505837789732e-05
1000,0.55,exact_bonferroni,300,0.9733333333333334,0.00931707454688573,0.9482710570494102,0.9864269301913529,1.0,0.0,0.9873570287754538,0.9999999999999998,0.24571428571428564,0.006685977537650918,0.0,0.0,0.0010003350000382246,1.162421102941392e-05
1000,0.55,hoeffding,300,1.0,0.0,0.9873570287754538,0.9999999999999998,1.0,0.0,0.9873570287754538,0.9999999999999998,0.12285714285714282,0.004760789804174249,0.0,0.0,0.0003506343333962529,4.589819556490191e-06
1000,0.55,holm,300,,,,,0.9966666666666667,0.0033333333333333327,0.9813633063054688,0.9994113422781488,0.2578571428571429,0.007031987136107648,0.00037037037037037035,0.00037037037037037035,0.0005268249999062391,6.795600963355223e-06
5000,0.55,pointwise,300,0.5266666666666666,0.02887459269508958,0.4701880395241621,0.5824710020105287,0.99,0.005754160919975787,0.9710165066376601,0.9965933815622847,0.7307142857142858,0.005099124368364697,0.000818903318903319,0.00047348617278556305,0.0021324686665320767,3.655005646802751e-05
5000,0.55,normal_bonferroni,300,0.9733333333333334,0.00931707454688573,0.9482710570494102,0.9864269301913529,1.0,0.0,0.9873570287754538,0.9999999999999998,0.5854761904761905,0.005111750670642574,0.0,0.0,0.002075210666686568,3.816495011800803e-05
5000,0.55,multiplier,300,0.9566666666666667,0.011774860635912812,0.9272825343659885,0.9745035519155927,1.0,0.0,0.9873570287754538,0.9999999999999998,0.5976190476190477,0.005090956342068029,0.0,0.0,0.007875286333364784,5.841968445680184e-05
5000,0.55,exact_bonferroni,300,0.9766666666666667,0.008730235947285765,0.9526280277317246,0.9886523397008747,1.0,0.0,0.9873570287754538,0.9999999999999998,0.5811904761904763,0.005111750670642574,0.0,0.0,0.0028450560004178744,3.715987320396818e-05
5000,0.55,hoeffding,300,0.9966666666666667,0.0033333333333333322,0.9813633063054688,0.9994113422781488,1.0,0.0,0.9873570287754538,0.9999999999999998,0.4826190476190476,0.005275155206682704,0.0,0.0,0.0017181273333456678,3.6471091304896034e-05
5000,0.55,holm,300,,,,,1.0,0.0,0.9873570287754538,0.9999999999999998,0.5945238095238097,0.005255711015140785,0.0,0.0,0.0007777530001233875,7.400116601252026e-06
1000,0.1,pointwise,300,0.35333333333333333,0.027643749490906915,0.30140830066923496,0.40896697088996514,0.9433333333333334,0.013370905812972546,0.9111340419775253,0.9643225235367106,0.51,0.006219686800948678,0.006689514189514189,0.001608576230800978,0.0006904686669198175,7.932872243684484e-06
1000,0.1,normal_bonferroni,300,0.9333333333333333,0.014425708913821014,0.899276940483885,0.9564324844548417,0.9966666666666667,0.003333333333333333,0.9813633063054688,0.9994113422781488,0.26904761904761904,0.005331088986967805,0.0008333333333333334,0.0008333333333333333,0.0006334926664809851,8.013279107791157e-06
1000,0.1,multiplier,300,0.9333333333333333,0.014425708913821014,0.899276940483885,0.9564324844548417,0.9966666666666667,0.003333333333333333,0.9813633063054688,0.9994113422781488,0.269047619047619,0.005298984445511263,0.0008333333333333334,0.0008333333333333333,0.003280833333240783,2.7600551779919082e-05
1000,0.1,exact_bonferroni,300,0.9533333333333334,0.012198043717391773,0.923202639772079,0.9720010663176659,1.0,0.0,0.9873570287754538,0.9999999999999998,0.24952380952380954,0.005230488620477333,0.0,0.0,0.000978893666494211,1.0491007404488918e-05
1000,0.1,hoeffding,300,0.9966666666666667,0.0033333333333333322,0.9813633063054688,0.9994113422781488,1.0,0.0,0.9873570287754538,0.9999999999999998,0.13904761904761903,0.004300464786041731,0.0,0.0,0.0003576900000674262,5.540617960675686e-06
1000,0.1,holm,300,,,,,0.9966666666666667,0.003333333333333333,0.9813633063054688,0.9994113422781488,0.25809523809523804,0.00544447145220013,0.0008333333333333334,0.0008333333333333333,0.0005157636665050328,6.532704368401849e-06
1000,0.9,pointwise,300,0.73,0.02567483835226067,0.6770882626256942,0.7770959706110145,0.95,0.012604081729907205,0.9191529665272558,0.9694683593706526,0.5169047619047619,0.011507621642744466,0.004493455074337427,0.0012280594035861002,0.0006616906666022259,6.098785076888936e-06
1000,0.9,normal_bonferroni,300,0.9833333333333333,0.007403535467669016,0.9615846051669054,0.9928605226493666,0.9966666666666667,0.0033333333333333327,0.9813633063054688,0.9994113422781488,0.2769047619047619,0.008912229563599414,0.0003333333333333334,0.0003333333333333332,0.0006262406666549699,6.234246583130598e-06
1000,0.9,multiplier,300,0.9666666666666667,0.010381070730216603,0.9397381741959452,0.9817950526611452,0.9966666666666667,0.0033333333333333327,0.9813633063054688,0.9994113422781488,0.34285714285714286,0.009890994634029905,0.0002777777777777778,0.00027777777777777767,0.0032125733334881566,2.1038851048539903e-05
1000,0.9,exact_bonferroni,300,0.9833333333333333,0.007403535467669016,0.9615846051669054,0.9928605226493666,0.9966666666666667,0.0033333333333333327,0.9813633063054688,0.9994113422781488,0.25071428571428567,0.00866150183263672,0.0003333333333333334,0.0003333333333333332,0.0009487246665958082,9.065351626846252e-06
1000,0.9,hoeffding,300,0.9966666666666667,0.0033333333333333327,0.9813633063054688,0.9994113422781488,1.0,0.0,0.9873570287754538,0.9999999999999998,0.13547619047619047,0.006460462502312579,0.0,0.0,0.00034792999998899175,4.914779848490512e-06
1000,0.9,holm,300,,,,,0.9966666666666667,0.0033333333333333327,0.9813633063054688,0.9994113422781488,0.2623809523809524,0.009187360169932325,0.00030303030303030303,0.000303030303030303,0.0005114753334783018,7.955534910352609e-06
