scenario,method,replications,simultaneous_coverage,simultaneous_coverage_mcse,simultaneous_coverage_lo,simultaneous_coverage_hi,containment,containment_mcse,containment_lo,containment_hi,ARR,ARR_mcse,UCP,UCP_mcse
bounded_continuous,pointwise,200,0.265,0.0312852815908872,0.2086815414710911,0.3301757619262242,0.97,0.012092607484694706,0.9361057075454807,0.9861796856598887,0.6578571428571428,0.005606256302768822,0.003138888888888889,0.001271613502428913
bounded_continuous,normal_bonferroni,200,0.925,0.018671317319682114,0.8799563897637055,0.954025082815618,1.0,0.0,0.9811546736227335,1.0,0.46928571428571425,0.005581506521976496,0.0,0.0
bounded_continuous,multiplier,200,0.925,0.018671317319682114,0.8799563897637055,0.954025082815618,1.0,0.0,0.9811546736227335,1.0,0.4696428571428571,0.0056027681710330195,0.0,0.0
bounded_continuous,hoeffding,200,1.0,0.0,0.9811546736227335,1.0,1.0,0.0,0.9811546736227335,1.0,0.008214285714285714,0.0016153475660687345,0.0,0.0
rare_binary,pointwise,200,0.26,0.031093957143700307,0.20413830063574687,0.32490745602534116,0.945,0.016161092305986408,0.9042130012276914,0.9690146582965411,0.6081818181818182,0.008655397265473458,0.00676605339105339,0.00204087900085795
rare_binary,normal_bonferroni,200,0.78,0.029365141882663273,0.7176120008170632,0.8318346164116674,0.995,0.005000000000000002,0.9722262956021069,0.9991168312843989,0.455,0.008010165786574102,0.000625,0.0006250000000000002
rare_binary,multiplier,200,0.78,0.029365141882663273,0.7176120008170632,0.8318346164116674,0.99,0.007053278933842965,0.9642782382838231,0.9972533418664555,0.5022727272727272,0.008175407366092622,0.00125,0.0008816598667303707
rare_binary,exact_bonferroni,200,0.995,0.005000000000000002,0.9722262956021069,0.9991168312843989,1.0,0.0,0.9811546736227335,1.0,0.3790909090909091,0.0070332311183611915,0.0,0.0
rare_binary,hoeffding,200,1.0,0.0,0.9811546736227335,1.0,1.0,0.0,0.9811546736227335,1.0,0.0,0.0,0.0,0.0
rare_binary,holm,200,,,,,1.0,0.0,0.9811546736227335,1.0,0.3790909090909091,0.0070332311183611915,0.0,0.0
high_dimensional_binary,pointwise,200,0.28,0.031828687164775826,0.22236889773949026,0.3459230458665071,0.795,0.028617649261360224,0.7337430194757748,0.8451382379616379,0.5204285714285715,0.0104142040298245,0.00851342561657461,0.001457760618995687
high_dimensional_binary,normal_bonferroni,200,0.945,0.016161092305986408,0.9042130012276914,0.9690146582965411,0.995,0.005,0.9722262956021069,0.9991168312843989,0.20807142857142857,0.007204029157274535,0.00013513513513513514,0.00013513513513513516
high_dimensional_binary,multiplier,200,0.91,0.02028688711815402,0.8622342812328346,0.9423125511378069,0.99,0.007053278933842965,0.9642782382838231,0.9972533418664555,0.23192857142857143,0.007652311145001345,0.00024725274725274725,0.0001745150377068099
high_dimensional_binary,exact_bonferroni,200,0.96,0.013891177924157585,0.923067931799067,0.9795943679338476,0.995,0.005,0.9722262956021069,0.9991168312843989,0.18757142857142856,0.006739744922802997,0.00014705882352941175,0.00014705882352941172
high_dimensional_binary,hoeffding,200,0.995,0.005,0.9722262956021069,0.9991168312843989,1.0,0.0,0.9811546736227335,1.0,0.08778571428571429,0.004662100493026313,0.0,0.0
high_dimensional_binary,holm,200,,,,,0.995,0.005,0.9722262956021069,0.9991168312843989,0.1975,0.00713095742445255,0.00013513513513513514,0.00013513513513513516
