Model,design,method,K,n,nominal_risk,critical,certified_008,certified_010,certified_fraction,inference_seconds
Logistic regression,primary,multiplier,36,200,0.01,2.5549505103570445,23,30,0.6388888888888888,0.012081699998816475
Logistic regression,primary,normal_bonferroni,36,200,0.01,2.991316115183781,20,29,0.5555555555555556,0.0008413999967160635
Logistic regression,primary,exact_bonferroni,36,200,0.01,,15,23,0.4166666666666667,0.0021197999958531
Logistic regression,primary,holm,36,200,0.01,,15,27,0.4166666666666667,0.001294500005315058
Logistic regression,4x4,multiplier,16,200,0.01,2.435875014368822,10,13,0.625,0.004015899998194072
Logistic regression,4x4,normal_bonferroni,16,200,0.01,2.7343687865331767,10,13,0.625,0.0006846000032965094
Logistic regression,4x4,exact_bonferroni,16,200,0.01,,7,10,0.4375,0.0008228000006056391
Logistic regression,4x4,holm,16,200,0.01,,7,12,0.4375,0.0009165000010398217
Logistic regression,6x6,multiplier,36,200,0.01,2.5844247108448277,23,30,0.6388888888888888,0.007467699993867427
Logistic regression,6x6,normal_bonferroni,36,200,0.01,2.991316115183781,21,27,0.5833333333333334,0.000603899999987334
Logistic regression,6x6,exact_bonferroni,36,200,0.01,,11,23,0.3055555555555556,0.0008769999985815957
Logistic regression,6x6,holm,36,200,0.01,,11,26,0.3055555555555556,0.0007173000049078837
Logistic regression,10x10,multiplier,100,200,0.01,2.634602936205795,69,86,0.69,0.024670200000400655
Logistic regression,10x10,normal_bonferroni,100,200,0.01,3.2905267314919255,59,78,0.59,0.0009697999994386919
Logistic regression,10x10,exact_bonferroni,100,200,0.01,,23,59,0.23,0.0012079000007361174
Logistic regression,10x10,holm,100,200,0.01,,23,59,0.23,0.002697500000067521
Extra Trees,primary,multiplier,36,200,0.035,2.4796763937794033,9,19,0.25,0.008327299998200033
Extra Trees,primary,normal_bonferroni,36,200,0.035,2.991316115183781,2,17,0.05555555555555555,0.0009491000018897466
Extra Trees,primary,exact_bonferroni,36,200,0.035,,0,9,0.0,0.001050700004270766
Extra Trees,primary,holm,36,200,0.035,,0,9,0.0,0.0010567999997874722
HistGradientBoosting,primary,multiplier,36,200,0.045,2.5864874501597144,2,14,0.05555555555555555,0.0083881000027759
HistGradientBoosting,primary,normal_bonferroni,36,200,0.045,2.991316115183781,0,12,0.0,0.0008704000065336004
HistGradientBoosting,primary,exact_bonferroni,36,200,0.045,,0,2,0.0,0.0010063000008813106
HistGradientBoosting,primary,holm,36,200,0.045,,0,2,0.0,0.001036400004522875
