n,K,B,replications,critical,critical_mcse,n_certified,n_certified_mcse,seconds,seconds_mcse
500,25,200,5,2.8106457078445017,0.05210718963550198,5.0,0.5477225575051661,0.00043473140003698064,1.6661688321745916e-05
500,25,1000,5,2.8120877939435487,0.009018909415150364,5.0,0.0,0.0006888416000037978,1.11979721489611e-05
500,25,5000,5,2.797029325596249,0.008995734562269474,5.2,0.19999999999999998,0.0022145624000586396,5.036662972793829e-05
1000,25,200,5,2.8076027123414966,0.04875048302577906,4.4,0.5099019513592784,0.0005177829999411188,2.4568288581437866e-05
1000,25,1000,5,2.7652904780834957,0.021357079534351175,5.0,0.0,0.0008430325999597699,1.907300582166578e-05
1000,25,5000,5,2.7760170180287846,0.004198860853106442,5.0,0.0,0.0023233107999658387,4.289534101852092e-05
1000,125,200,5,3.22495829757843,0.03523775733908583,12.4,0.24494897427831783,0.003535538999994969,0.00013923863706059294
1000,125,1000,5,3.2030398827059585,0.014222304894984687,12.4,0.24494897427831783,0.005053480400010813,9.605781383392778e-05
1000,125,5000,5,3.2181354944997644,0.01045240456223877,12.2,0.19999999999999998,0.013528142800032584,0.00010821827445347697
