containment,ARR,UCP,n_certified,n_true_safe,rep,method,simultaneous_coverage,inference_seconds
1.0,0.14285714285714285,0.0,2,14,0,pointwise,1.0,0.0002375490000758873
1.0,0.0,0.0,0,14,0,normal_bonferroni,1.0,0.00013113799991515407
1.0,0.0,0.0,0,14,0,multiplier,1.0,0.0005770120001216128
1.0,0.0,0.0,0,14,0,exact_bonferroni,1.0,0.0003165680000165594
1.0,0.0,0.0,0,14,0,hoeffding,1.0,6.248499994399026e-05
1.0,0.0,0.0,0,14,0,holm,,0.0001585600000453269
1.0,0.07142857142857142,0.0,1,14,1,pointwise,1.0,0.0001172879999558063
1.0,0.0,0.0,0,14,1,normal_bonferroni,1.0,9.909000004881818e-05
1.0,0.0,0.0,0,14,1,multiplier,1.0,0.0003785829999287671
1.0,0.0,0.0,0,14,1,exact_bonferroni,1.0,0.00017591599998922902
1.0,0.0,0.0,0,14,1,hoeffding,1.0,4.890399986834382e-05
1.0,0.0,0.0,0,14,1,holm,,0.00010911499998655927
1.0,0.6428571428571429,0.0,9,14,2,pointwise,0.0,0.00014983699998083466
1.0,0.14285714285714285,0.0,2,14,2,normal_bonferroni,1.0,0.00022285699992607988
1.0,0.14285714285714285,0.0,2,14,2,multiplier,1.0,0.00036040500003764464
1.0,0.07142857142857142,0.0,1,14,2,exact_bonferroni,1.0,0.00022321699998428812
1.0,0.0,0.0,0,14,2,hoeffding,1.0,5.7006000133696944e-05
1.0,0.07142857142857142,0.0,1,14,2,holm,,0.00010956599999190075
1.0,0.42857142857142855,0.0,6,14,3,pointwise,0.0,0.00010989600013999734
1.0,0.14285714285714285,0.0,2,14,3,normal_bonferroni,1.0,9.242999999514723e-05
1.0,0.14285714285714285,0.0,2,14,3,multiplier,1.0,0.00035809099995276483
1.0,0.14285714285714285,0.0,2,14,3,exact_bonferroni,1.0,0.00016683200010447763
1.0,0.0,0.0,0,14,3,hoeffding,1.0,4.781200004799757e-05
1.0,0.14285714285714285,0.0,2,14,3,holm,,9.693700008028827e-05
1.0,0.0,0.0,0,14,4,pointwise,1.0,0.00010686099994927645
1.0,0.0,0.0,0,14,4,normal_bonferroni,1.0,9.253000007447554e-05
1.0,0.0,0.0,0,14,4,multiplier,1.0,0.000357561000100759
1.0,0.0,0.0,0,14,4,exact_bonferroni,1.0,0.00017420299991499633
1.0,0.0,0.0,0,14,4,hoeffding,1.0,4.688100011662755e-05
1.0,0.0,0.0,0,14,4,holm,,9.634499997446255e-05
0.0,0.5714285714285714,0.2727272727272727,11,14,5,pointwise,0.0,0.0001031259998853784
1.0,0.14285714285714285,0.0,2,14,5,normal_bonferroni,1.0,0.00013123799999448238
1.0,0.21428571428571427,0.0,3,14,5,multiplier,1.0,0.00036445099999582453
1.0,0.14285714285714285,0.0,2,14,5,exact_bonferroni,1.0,0.00016726300009395345
1.0,0.07142857142857142,0.0,1,14,5,hoeffding,1.0,4.594899996845925e-05
1.0,0.14285714285714285,0.0,2,14,5,holm,,9.736699985296582e-05
1.0,0.21428571428571427,0.0,3,14,6,pointwise,1.0,0.00010947500004476751
1.0,0.0,0.0,0,14,6,normal_bonferroni,1.0,9.431199987375294e-05
1.0,0.0,0.0,0,14,6,multiplier,1.0,0.0003994939997937763
1.0,0.0,0.0,0,14,6,exact_bonferroni,1.0,0.00017774899993128201
1.0,0.0,0.0,0,14,6,hoeffding,1.0,4.85829998524423e-05
1.0,0.0,0.0,0,14,6,holm,,0.00013635699997394113
1.0,0.35714285714285715,0.0,5,14,7,pointwise,1.0,0.00010836299998118193
1.0,0.0,0.0,0,14,7,normal_bonferroni,1.0,9.357099997941987e-05
1.0,0.0,0.0,0,14,7,multiplier,1.0,0.000320424000165076
1.0,0.0,0.0,0,14,7,exact_bonferroni,1.0,0.0004185129998859338
1.0,0.0,0.0,0,14,7,hoeffding,1.0,5.668599987984635e-05
1.0,0.0,0.0,0,14,7,holm,,0.00010136299988516839
