containment,ARR,UCP,n_certified,n_true_safe,rep,method,grid_coverage,dense_mesh_coverage
1.0,0.0,0.0,0,5280,0,multiplier,1.0,1.0
1.0,0.0,0.0,0,5280,0,exact_bonferroni,1.0,1.0
1.0,0.0,0.0,0,5280,0,hoeffding,1.0,1.0
1.0,0.16704545454545455,0.0,882,5280,1,multiplier,1.0,1.0
1.0,0.02159090909090909,0.0,114,5280,1,exact_bonferroni,1.0,1.0
1.0,0.0,0.0,0,5280,1,hoeffding,1.0,1.0
1.0,0.0,0.0,0,5280,2,multiplier,1.0,1.0
1.0,0.0,0.0,0,5280,2,exact_bonferroni,1.0,1.0
1.0,0.0,0.0,0,5280,2,hoeffding,1.0,1.0
1.0,0.06079545454545455,0.0,321,5280,3,multiplier,1.0,1.0
1.0,0.017803030303030303,0.0,94,5280,3,exact_bonferroni,1.0,1.0
1.0,0.0,0.0,0,5280,3,hoeffding,1.0,1.0
1.0,0.4856060606060606,0.0,2564,5280,4,multiplier,1.0,1.0
1.0,0.2520833333333333,0.0,1331,5280,4,exact_bonferroni,1.0,1.0
1.0,0.0,0.0,0,5280,4,hoeffding,1.0,1.0
