rep,Mechanism,Missingness,Shift,realized_missingness,reference_risk,lower,upper
0,MCAR,0.0,0.0,0.0,0.334,0.2571427422624294,0.4174600804938032
0,MCAR,0.0,0.15,0.0,0.336,0.25898647649199247,0.41953665388003525
0,MCAR,0.0,0.3,0.0,0.322,0.24611395272255138,0.4049671493147049
0,MCAR,0.0,0.45,0.0,0.328,0.2516210998274137,0.4112208351116906
0,MCAR,0.1,0.0,0.09733333333333333,0.348,0.27008185775663923,0.43196323343258075
0,MCAR,0.1,0.15,0.09733333333333333,0.34,0.26267868270197364,0.4236850797648902
0,MCAR,0.1,0.3,0.09733333333333333,0.336,0.25898647649199247,0.41953665388003525
0,MCAR,0.1,0.45,0.09733333333333333,0.336,0.25898647649199247,0.41953665388003525
0,MCAR,0.2,0.0,0.19466666666666665,0.34,0.26267868270197364,0.4236850797648902
0,MCAR,0.2,0.15,0.19466666666666665,0.342,0.2645271410312184,0.4257569457035822
0,MCAR,0.2,0.3,0.19466666666666665,0.33,0.2534600466945139,0.4133021782343255
0,MCAR,0.2,0.45,0.19466666666666665,0.342,0.2645271410312184,0.4257569457035822
0,MCAR,0.3,0.0,0.292,0.342,0.2645271410312184,0.4257569457035822
0,MCAR,0.3,0.15,0.292,0.35,0.2719365226650475,0.4340289135597933
0,MCAR,0.3,0.3,0.292,0.334,0.2571427422624294,0.4174600804938032
0,MCAR,0.3,0.45,0.292,0.346,0.2682287349949348,0.4298960162016403
0,MAR,0.0,0.0,0.0,0.334,0.2571427422624294,0.4174600804938032
0,MAR,0.0,0.15,0.0,0.336,0.25898647649199247,0.41953665388003525
0,MAR,0.0,0.3,0.0,0.322,0.24611395272255138,0.4049671493147049
0,MAR,0.0,0.45,0.0,0.328,0.2516210998274137,0.4112208351116906
0,MAR,0.1,0.0,0.1,0.336,0.25898647649199247,0.41953665388003525
0,MAR,0.1,0.15,0.1,0.34,0.26267868270197364,0.4236850797648902
0,MAR,0.1,0.3,0.1,0.338,0.26083179226922004,0.4216116513751556
0,MAR,0.1,0.45,0.1,0.334,0.2571427422624294,0.4174600804938032
0,MAR,0.2,0.0,0.19244444444444445,0.324,0.247948045173076,0.40705332820346285
0,MAR,0.2,0.15,0.19244444444444445,0.332,0.2553005966081191,0.41538192429705156
0,MAR,0.2,0.3,0.19244444444444445,0.326,0.24978376345552228,0.40913788759422887
0,MAR,0.2,0.45,0.19244444444444445,0.328,0.2516210998274137,0.4112208351116906
0,MAR,0.3,0.0,0.2982222222222222,0.34,0.26267868270197364,0.4236850797648902
0,MAR,0.3,0.15,0.2982222222222222,0.344,0.26637716062874145,0.4278272557164258
0,MAR,0.3,0.3,0.2982222222222222,0.332,0.2553005966081191,0.41538192429705156
0,MAR,0.3,0.45,0.2982222222222222,0.338,0.26083179226922004,0.4216116513751556
0,MNAR,0.0,0.0,0.0,0.334,0.2571427422624294,0.4174600804938032
0,MNAR,0.0,0.15,0.0,0.336,0.25898647649199247,0.41953665388003525
0,MNAR,0.0,0.3,0.0,0.322,0.24611395272255138,0.4049671493147049
0,MNAR,0.0,0.45,0.0,0.328,0.2516210998274137,0.4112208351116906
0,MNAR,0.1,0.0,0.09288888888888888,0.33,0.2534600466945139,0.4133021782343255
0,MNAR,0.1,0.15,0.09288888888888888,0.328,0.2516210998274137,0.4112208351116906
0,MNAR,0.1,0.3,0.09288888888888888,0.332,0.2553005966081191,0.41538192429705156
0,MNAR,0.1,0.45,0.09288888888888888,0.328,0.2516210998274137,0.4112208351116906
0,MNAR,0.2,0.0,0.18533333333333332,0.332,0.2553005966081191,0.41538192429705156
0,MNAR,0.2,0.15,0.18533333333333332,0.324,0.247948045173076,0.40705332820346285
0,MNAR,0.2,0.3,0.18533333333333332,0.318,0.24245067704516793,0.4007899017969599
0,MNAR,0.2,0.45,0.18533333333333332,0.334,0.2571427422624294,0.4174600804938032
0,MNAR,0.3,0.0,0.2817777777777778,0.338,0.26083179226922004,0.4216116513751556
0,MNAR,0.3,0.15,0.2817777777777778,0.336,0.25898647649199247,0.41953665388003525
0,MNAR,0.3,0.3,0.2817777777777778,0.322,0.24611395272255138,0.4049671493147049
0,MNAR,0.3,0.45,0.2817777777777778,0.334,0.2571427422624294,0.4174600804938032
0,Structured,0.0,0.0,0.0,0.334,0.2571427422624294,0.4174600804938032
0,Structured,0.0,0.15,0.0,0.336,0.25898647649199247,0.41953665388003525
0,Structured,0.0,0.3,0.0,0.322,0.24611395272255138,0.4049671493147049
0,Structured,0.0,0.45,0.0,0.328,0.2516210998274137,0.4112208351116906
0,Structured,0.1,0.0,0.09777777777777778,0.372,0.29243794980811977,0.4566515879680614
0,Structured,0.1,0.15,0.09777777777777778,0.36,0.2812327691518983,0.44433446455942655
0,Structured,0.1,0.3,0.09777777777777778,0.35,0.2719365226650475,0.4340289135597933
0,Structured,0.1,0.45,0.09777777777777778,0.342,0.2645271410312184,0.4257569457035822
0,Structured,0.2,0.0,0.19822222222222222,0.374,0.2943106757130528,0.45869926045854953
0,Structured,0.2,0.15,0.19822222222222222,0.364,0.28496185742955515,0.44844612729943334
0,Structured,0.2,0.3,0.19822222222222222,0.352,0.2737927235936664,0.43609306261301106
0,Structured,0.2,0.45,0.19822222222222222,0.352,0.2737927235936664,0.43609306261301106
0,Structured,0.3,0.0,0.29288888888888887,0.364,0.28496185742955515,0.44844612729943334
0,Structured,0.3,0.15,0.29288888888888887,0.358,0.2793704830293242,0.44227638185424956
0,Structured,0.3,0.3,0.29288888888888887,0.356,0.27750970960529653,0.4402167910239314
0,Structured,0.3,0.45,0.29288888888888887,0.366,0.2868286488294204,0.45049971791361054
1,MCAR,0.0,0.0,0.0,0.35,0.2719365226650475,0.4340289135597933
1,MCAR,0.0,0.15,0.0,0.346,0.2682287349949348,0.4298960162016403
1,MCAR,0.0,0.3,0.0,0.324,0.247948045173076,0.40705332820346285
1,MCAR,0.0,0.45,0.0,0.326,0.24978376345552228,0.40913788759422887
1,MCAR,0.1,0.0,0.09866666666666667,0.346,0.2682287349949348,0.4298960162016403
1,MCAR,0.1,0.15,0.09866666666666667,0.338,0.26083179226922004,0.4216116513751556
1,MCAR,0.1,0.3,0.09866666666666667,0.334,0.2571427422624294,0.4174600804938032
1,MCAR,0.1,0.45,0.09866666666666667,0.326,0.24978376345552228,0.40913788759422887
1,MCAR,0.2,0.0,0.20755555555555555,0.348,0.27008185775663923,0.43196323343258075
1,MCAR,0.2,0.15,0.20755555555555555,0.34,0.26267868270197364,0.4236850797648902
1,MCAR,0.2,0.3,0.20755555555555555,0.34,0.26267868270197364,0.4236850797648902
1,MCAR,0.2,0.45,0.20755555555555555,0.344,0.26637716062874145,0.4278272557164258
1,MCAR,0.3,0.0,0.31066666666666665,0.34,0.26267868270197364,0.4236850797648902
1,MCAR,0.3,0.15,0.31066666666666665,0.346,0.2682287349949348,0.4298960162016403
1,MCAR,0.3,0.3,0.31066666666666665,0.342,0.2645271410312184,0.4257569457035822
1,MCAR,0.3,0.45,0.31066666666666665,0.344,0.26637716062874145,0.4278272557164258
1,MAR,0.0,0.0,0.0,0.35,0.2719365226650475,0.4340289135597933
1,MAR,0.0,0.15,0.0,0.346,0.2682287349949348,0.4298960162016403
1,MAR,0.0,0.3,0.0,0.324,0.247948045173076,0.40705332820346285
1,MAR,0.0,0.45,0.0,0.326,0.24978376345552228,0.40913788759422887
1,MAR,0.1,0.0,0.112,0.336,0.25898647649199247,0.41953665388003525
1,MAR,0.1,0.15,0.112,0.33,0.2534600466945139,0.4133021782343255
1,MAR,0.1,0.3,0.112,0.324,0.247948045173076,0.40705332820346285
1,MAR,0.1,0.45,0.112,0.324,0.247948045173076,0.40705332820346285
1,MAR,0.2,0.0,0.21911111111111112,0.344,0.26637716062874145,0.4278272557164258
1,MAR,0.2,0.15,0.21911111111111112,0.332,0.2553005966081191,0.41538192429705156
1,MAR,0.2,0.3,0.21911111111111112,0.328,0.2516210998274137,0.4112208351116906
1,MAR,0.2,0.45,0.21911111111111112,0.328,0.2516210998274137,0.4112208351116906
1,MAR,0.3,0.0,0.32755555555555554,0.336,0.25898647649199247,0.41953665388003525
1,MAR,0.3,0.15,0.32755555555555554,0.342,0.2645271410312184,0.4257569457035822
1,MAR,0.3,0.3,0.32755555555555554,0.342,0.2645271410312184,0.4257569457035822
1,MAR,0.3,0.45,0.32755555555555554,0.336,0.25898647649199247,0.41953665388003525
1,MNAR,0.0,0.0,0.0,0.35,0.2719365226650475,0.4340289135597933
1,MNAR,0.0,0.15,0.0,0.346,0.2682287349949348,0.4298960162016403
1,MNAR,0.0,0.3,0.0,0.324,0.247948045173076,0.40705332820346285
1,MNAR,0.0,0.45,0.0,0.326,0.24978376345552228,0.40913788759422887
1,MNAR,0.1,0.0,0.10533333333333333,0.334,0.2571427422624294,0.4174600804938032
1,MNAR,0.1,0.15,0.10533333333333333,0.332,0.2553005966081191,0.41538192429705156
1,MNAR,0.1,0.3,0.10533333333333333,0.334,0.2571427422624294,0.4174600804938032
1,MNAR,0.1,0.45,0.10533333333333333,0.332,0.2553005966081191,0.41538192429705156
1,MNAR,0.2,0.0,0.20044444444444445,0.346,0.2682287349949348,0.4298960162016403
1,MNAR,0.2,0.15,0.20044444444444445,0.346,0.2682287349949348,0.4298960162016403
1,MNAR,0.2,0.3,0.20044444444444445,0.348,0.27008185775663923,0.43196323343258075
1,MNAR,0.2,0.45,0.20044444444444445,0.332,0.2553005966081191,0.41538192429705156
1,MNAR,0.3,0.0,0.3128888888888889,0.342,0.2645271410312184,0.4257569457035822
1,MNAR,0.3,0.15,0.3128888888888889,0.35,0.2719365226650475,0.4340289135597933
1,MNAR,0.3,0.3,0.3128888888888889,0.346,0.2682287349949348,0.4298960162016403
1,MNAR,0.3,0.45,0.3128888888888889,0.322,0.24611395272255138,0.4049671493147049
1,Structured,0.0,0.0,0.0,0.35,0.2719365226650475,0.4340289135597933
1,Structured,0.0,0.15,0.0,0.346,0.2682287349949348,0.4298960162016403
1,Structured,0.0,0.3,0.0,0.324,0.247948045173076,0.40705332820346285
1,Structured,0.0,0.45,0.0,0.326,0.24978376345552228,0.40913788759422887
1,Structured,0.1,0.0,0.08622222222222223,0.344,0.26637716062874145,0.4278272557164258
1,Structured,0.1,0.15,0.08622222222222223,0.34,0.26267868270197364,0.4236850797648902
1,Structured,0.1,0.3,0.08622222222222223,0.326,0.24978376345552228,0.40913788759422887
1,Structured,0.1,0.45,0.08622222222222223,0.322,0.24611395272255138,0.4049671493147049
1,Structured,0.2,0.0,0.19155555555555556,0.348,0.27008185775663923,0.43196323343258075
1,Structured,0.2,0.15,0.19155555555555556,0.346,0.2682287349949348,0.4298960162016403
1,Structured,0.2,0.3,0.19155555555555556,0.346,0.2682287349949348,0.4298960162016403
1,Structured,0.2,0.45,0.19155555555555556,0.326,0.24978376345552228,0.40913788759422887
1,Structured,0.3,0.0,0.2911111111111111,0.342,0.2645271410312184,0.4257569457035822
1,Structured,0.3,0.15,0.2911111111111111,0.338,0.26083179226922004,0.4216116513751556
1,Structured,0.3,0.3,0.2911111111111111,0.354,0.275650454536335,0.438155686503097
1,Structured,0.3,0.45,0.2911111111111111,0.34,0.26267868270197364,0.4236850797648902
2,MCAR,0.0,0.0,0.0,0.252,0.18301801318506605,0.3308586875628117
2,MCAR,0.0,0.15,0.0,0.292,0.21880341904926445,0.37347445999502094
2,MCAR,0.0,0.3,0.0,0.286,0.21338809947127094,0.3671293496413385
2,MCAR,0.0,0.45,0.0,0.28,0.20798902948182138,0.36076807113565673
2,MCAR,0.1,0.0,0.10888888888888888,0.27,0.19902755301798353,0.3501291608799882
2,MCAR,0.1,0.15,0.10888888888888888,0.304,0.2296816377218824,0.3861173278052479
2,MCAR,0.1,0.3,0.10888888888888888,0.292,0.21880341904926445,0.37347445999502094
2,MCAR,0.1,0.45,0.10888888888888888,0.292,0.21880341904926445,0.37347445999502094
2,MCAR,0.2,0.0,0.20755555555555555,0.276,0.20439883163549355,0.3565180842435037
2,MCAR,0.2,0.15,0.20755555555555555,0.316,0.2406215100699432,0.39869881716258715
2,MCAR,0.2,0.3,0.20755555555555555,0.312,0.2369681596701749,0.3945116849516443
2,MCAR,0.2,0.45,0.20755555555555555,0.31,0.23514399346614168,0.39241562041462813
2,MCAR,0.3,0.0,0.30666666666666664,0.292,0.21880341904926445,0.37347445999502094
2,MCAR,0.3,0.15,0.30666666666666664,0.33,0.2534600466945139,0.4133021782343255
2,MCAR,0.3,0.3,0.30666666666666664,0.322,0.24611395272255138,0.4049671493147049
2,MCAR,0.3,0.45,0.30666666666666664,0.34,0.26267868270197364,0.4236850797648902
2,MAR,0.0,0.0,0.0,0.252,0.18301801318506605,0.3308586875628117
2,MAR,0.0,0.15,0.0,0.292,0.21880341904926445,0.37347445999502094
2,MAR,0.0,0.3,0.0,0.286,0.21338809947127094,0.3671293496413385
2,MAR,0.0,0.45,0.0,0.28,0.20798902948182138,0.36076807113565673
2,MAR,0.1,0.0,0.10844444444444444,0.27,0.19902755301798353,0.3501291608799882
2,MAR,0.1,0.15,0.10844444444444444,0.312,0.2369681596701749,0.3945116849516443
2,MAR,0.1,0.3,0.10844444444444444,0.294,0.22061208484170103,0.3755859548262249
2,MAR,0.1,0.45,0.10844444444444444,0.278,0.20619300434273433,0.35864399902442745
2,MAR,0.2,0.0,0.19733333333333333,0.282,0.2097868949318967,0.3628903125132063
2,MAR,0.2,0.15,0.19733333333333333,0.318,0.24245067704516793,0.4007899017969599
2,MAR,0.2,0.3,0.19733333333333333,0.306,0.23150072336784228,0.38821845082802947
2,MAR,0.2,0.45,0.19733333333333333,0.304,0.2296816377218824,0.3861173278052479
2,MAR,0.3,0.0,0.30044444444444446,0.282,0.2097868949318967,0.3628903125132063
2,MAR,0.3,0.15,0.30044444444444446,0.312,0.2369681596701749,0.3945116849516443
2,MAR,0.3,0.3,0.30044444444444446,0.314,0.23879400143589985,0.39660608101358386
2,MAR,0.3,0.45,0.30044444444444446,0.324,0.247948045173076,0.40705332820346285
2,MNAR,0.0,0.0,0.0,0.252,0.18301801318506605,0.3308586875628117
2,MNAR,0.0,0.15,0.0,0.292,0.21880341904926445,0.37347445999502094
2,MNAR,0.0,0.3,0.0,0.286,0.21338809947127094,0.3671293496413385
2,MNAR,0.0,0.45,0.0,0.28,0.20798902948182138,0.36076807113565673
2,MNAR,0.1,0.0,0.10266666666666667,0.266,0.19545619626184166,0.3458604353717684
2,MNAR,0.1,0.15,0.10266666666666667,0.302,0.22786426414137922,0.384014500353989
2,MNAR,0.1,0.3,0.10266666666666667,0.284,0.21158658881112716,0.3650107348580306
2,MNAR,0.1,0.45,0.10266666666666667,0.286,0.21338809947127094,0.3671293496413385
2,MNAR,0.2,0.0,0.20844444444444443,0.288,0.21519141549241447,0.36924616810973937
2,MNAR,0.2,0.15,0.20844444444444443,0.324,0.247948045173076,0.40705332820346285
2,MNAR,0.2,0.3,0.20844444444444443,0.318,0.24245067704516793,0.4007899017969599
2,MNAR,0.2,0.45,0.20844444444444443,0.322,0.24611395272255138,0.4049671493147049
2,MNAR,0.3,0.0,0.3191111111111111,0.278,0.20619300434273433,0.35864399902442745
2,MNAR,0.3,0.15,0.3191111111111111,0.314,0.23879400143589985,0.39660608101358386
2,MNAR,0.3,0.3,0.3191111111111111,0.326,0.24978376345552228,0.40913788759422887
2,MNAR,0.3,0.45,0.3191111111111111,0.332,0.2553005966081191,0.41538192429705156
2,Structured,0.0,0.0,0.0,0.252,0.18301801318506605,0.3308586875628117
2,Structured,0.0,0.15,0.0,0.292,0.21880341904926445,0.37347445999502094
2,Structured,0.0,0.3,0.0,0.286,0.21338809947127094,0.3671293496413385
2,Structured,0.0,0.45,0.0,0.28,0.20798902948182138,0.36076807113565673
2,Structured,0.1,0.0,0.11155555555555556,0.264,0.19367340680031916,0.343723200038083
2,Structured,0.1,0.15,0.11155555555555556,0.296,0.22242251249917575,0.3776956961803859
2,Structured,0.1,0.3,0.11155555555555556,0.296,0.22242251249917575,0.3776956961803859
2,Structured,0.1,0.45,0.11155555555555556,0.298,0.22423469167005647,0.3798036942528804
2,Structured,0.2,0.0,0.2111111111111111,0.288,0.21519141549241447,0.36924616810973937
2,Structured,0.2,0.15,0.2111111111111111,0.32,0.24428149399745056,0.4028793431543285
2,Structured,0.2,0.3,0.2111111111111111,0.308,0.23332151168672943,0.3903178786733094
2,Structured,0.2,0.45,0.2111111111111111,0.318,0.24245067704516793,0.4007899017969599
2,Structured,0.3,0.0,0.308,0.3,0.2260486122027304,0.38190995904218067
2,Structured,0.3,0.15,0.308,0.324,0.247948045173076,0.40705332820346285
2,Structured,0.3,0.3,0.308,0.31,0.23514399346614168,0.39241562041462813
2,Structured,0.3,0.45,0.308,0.314,0.23879400143589985,0.39660608101358386
