reference_containment,reference_ARR,reference_UCP,reference_n_certified,reference_n_true_safe,containment_lower,containment_upper,ambiguous_environments,reference_halfwidth_max,rep,Mechanism,method,mean_reference_risk
1.0,0.0625,0.0,1,16,0.0,1.0,16,0.0810461954473729,0,MCAR,multiplier,0.33787500000000004
1.0,0.0,0.0,0,16,1.0,1.0,16,0.0810461954473729,0,MCAR,exact_bonferroni,0.33787500000000004
1.0,0.0,0.0,0,16,1.0,1.0,16,0.0810461954473729,0,MCAR,holm,0.33787500000000004
1.0,0.25,0.0,4,16,0.0,1.0,16,0.08072504754384219,0,MAR,multiplier,0.33325
1.0,0.0625,0.0,1,16,0.0,1.0,16,0.08072504754384219,0,MAR,exact_bonferroni,0.33325
1.0,0.0625,0.0,1,16,0.0,1.0,16,0.08072504754384219,0,MAR,holm,0.33325
1.0,0.0,0.0,0,16,1.0,1.0,16,0.08038992955296778,0,MNAR,multiplier,0.32975
1.0,0.0,0.0,0,16,1.0,1.0,16,0.08038992955296778,0,MNAR,exact_bonferroni,0.32975
1.0,0.0,0.0,0,16,1.0,1.0,16,0.08038992955296778,0,MNAR,holm,0.32975
0.0,0.0,1.0,1,6,0.0,1.0,16,0.08219429237274836,0,Structured,multiplier,0.35187499999999994
1.0,0.0,0.0,0,6,1.0,1.0,16,0.08219429237274836,0,Structured,exact_bonferroni,0.35187499999999994
1.0,0.0,0.0,0,6,1.0,1.0,16,0.08219429237274836,0,Structured,holm,0.35187499999999994
1.0,0.0,0.0,0,16,1.0,1.0,16,0.0810461954473729,1,MCAR,multiplier,0.339625
1.0,0.0,0.0,0,16,1.0,1.0,16,0.0810461954473729,1,MCAR,exact_bonferroni,0.339625
1.0,0.0,0.0,0,16,1.0,1.0,16,0.0810461954473729,1,MCAR,holm,0.339625
1.0,0.0,0.0,0,16,1.0,1.0,16,0.0810461954473729,1,MAR,multiplier,0.33425
1.0,0.0,0.0,0,16,1.0,1.0,16,0.0810461954473729,1,MAR,exact_bonferroni,0.33425
1.0,0.0,0.0,0,16,1.0,1.0,16,0.0810461954473729,1,MAR,holm,0.33425
1.0,0.0,0.0,0,16,1.0,1.0,16,0.0810461954473729,1,MNAR,multiplier,0.338125
1.0,0.0,0.0,0,16,1.0,1.0,16,0.0810461954473729,1,MNAR,exact_bonferroni,0.338125
1.0,0.0,0.0,0,16,1.0,1.0,16,0.0810461954473729,1,MNAR,holm,0.338125
1.0,0.0,0.0,0,15,1.0,1.0,16,0.08125261598338099,1,Structured,multiplier,0.33862499999999995
1.0,0.0,0.0,0,15,1.0,1.0,16,0.08125261598338099,1,Structured,exact_bonferroni,0.33862499999999995
1.0,0.0,0.0,0,15,1.0,1.0,16,0.08125261598338099,1,Structured,holm,0.33862499999999995
1.0,0.0,0.0,0,16,1.0,1.0,15,0.08050319853145829,2,MCAR,multiplier,0.297875
1.0,0.0,0.0,0,16,1.0,1.0,15,0.08050319853145829,2,MCAR,exact_bonferroni,0.297875
1.0,0.0,0.0,0,16,1.0,1.0,15,0.08050319853145829,2,MCAR,holm,0.297875
1.0,0.0,0.0,0,16,1.0,1.0,15,0.07955264151519342,2,MAR,multiplier,0.294125
1.0,0.0,0.0,0,16,1.0,1.0,15,0.07955264151519342,2,MAR,exact_bonferroni,0.294125
1.0,0.0,0.0,0,16,1.0,1.0,15,0.07955264151519342,2,MAR,holm,0.294125
1.0,0.0,0.0,0,16,1.0,1.0,14,0.08004066384446623,2,MNAR,multiplier,0.296875
1.0,0.0,0.0,0,16,1.0,1.0,14,0.08004066384446623,2,MNAR,exact_bonferroni,0.296875
1.0,0.0,0.0,0,16,1.0,1.0,14,0.08004066384446623,2,MNAR,holm,0.296875
1.0,0.0,0.0,0,16,1.0,1.0,14,0.07955264151519342,2,Structured,multiplier,0.296625
1.0,0.0,0.0,0,16,1.0,1.0,14,0.07955264151519342,2,Structured,exact_bonferroni,0.296625
1.0,0.0,0.0,0,16,1.0,1.0,14,0.07955264151519342,2,Structured,holm,0.296625
