Mechanism,method,replications,reference_containment,reference_containment_mcse,reference_containment_lo,reference_containment_hi,containment_lower,containment_lower_mcse,containment_lower_lo,containment_lower_hi,containment_upper,containment_upper_mcse,containment_upper_lo,containment_upper_hi,reference_ARR,reference_ARR_mcse,reference_UCP,reference_UCP_mcse,ambiguous_environments,ambiguous_environments_mcse,mean_reference_risk,mean_reference_risk_mcse
MCAR,multiplier,3,1.0,0.0,0.4385029682449546,1.0,0.6666666666666666,0.33333333333333337,0.2076596008020477,0.9385080552796037,1.0,0.0,0.4385029682449546,1.0,0.020833333333333332,0.020833333333333336,0.0,0.0,15.666666666666666,0.3333333333333333,0.325125,0.013634362226863917
MCAR,exact_bonferroni,3,1.0,0.0,0.4385029682449546,1.0,1.0,0.0,0.4385029682449546,1.0,1.0,0.0,0.4385029682449546,1.0,0.0,0.0,0.0,0.0,15.666666666666666,0.3333333333333333,0.325125,0.013634362226863917
MCAR,holm,3,1.0,0.0,0.4385029682449546,1.0,1.0,0.0,0.4385029682449546,1.0,1.0,0.0,0.4385029682449546,1.0,0.0,0.0,0.0,0.0,15.666666666666666,0.3333333333333333,0.325125,0.013634362226863917
MAR,multiplier,3,1.0,0.0,0.4385029682449546,1.0,0.6666666666666666,0.33333333333333337,0.2076596008020477,0.9385080552796037,1.0,0.0,0.4385029682449546,1.0,0.08333333333333333,0.08333333333333334,0.0,0.0,15.666666666666666,0.3333333333333333,0.32054166666666667,0.013211487530848958
MAR,exact_bonferroni,3,1.0,0.0,0.4385029682449546,1.0,0.6666666666666666,0.33333333333333337,0.2076596008020477,0.9385080552796037,1.0,0.0,0.4385029682449546,1.0,0.020833333333333332,0.020833333333333336,0.0,0.0,15.666666666666666,0.3333333333333333,0.32054166666666667,0.013211487530848958
MAR,holm,3,1.0,0.0,0.4385029682449546,1.0,0.6666666666666666,0.33333333333333337,0.2076596008020477,0.9385080552796037,1.0,0.0,0.4385029682449546,1.0,0.020833333333333332,0.020833333333333336,0.0,0.0,15.666666666666666,0.3333333333333333,0.32054166666666667,0.013211487530848958
MNAR,multiplier,3,1.0,0.0,0.4385029682449546,1.0,1.0,0.0,0.4385029682449546,1.0,1.0,0.0,0.4385029682449546,1.0,0.0,0.0,0.0,0.0,15.333333333333334,0.6666666666666667,0.32158333333333333,0.012588506111175825
MNAR,exact_bonferroni,3,1.0,0.0,0.4385029682449546,1.0,1.0,0.0,0.4385029682449546,1.0,1.0,0.0,0.4385029682449546,1.0,0.0,0.0,0.0,0.0,15.333333333333334,0.6666666666666667,0.32158333333333333,0.012588506111175825
MNAR,holm,3,1.0,0.0,0.4385029682449546,1.0,1.0,0.0,0.4385029682449546,1.0,1.0,0.0,0.4385029682449546,1.0,0.0,0.0,0.0,0.0,15.333333333333334,0.6666666666666667,0.32158333333333333,0.012588506111175825
Structured,multiplier,3,0.6666666666666666,0.33333333333333337,0.2076596008020477,0.9385080552796037,0.6666666666666666,0.33333333333333337,0.2076596008020477,0.9385080552796037,1.0,0.0,0.4385029682449546,1.0,0.0,0.0,0.3333333333333333,0.33333333333333337,15.333333333333334,0.6666666666666667,0.3290416666666666,0.016653536494624102
Structured,exact_bonferroni,3,1.0,0.0,0.4385029682449546,1.0,1.0,0.0,0.4385029682449546,1.0,1.0,0.0,0.4385029682449546,1.0,0.0,0.0,0.0,0.0,15.333333333333334,0.6666666666666667,0.3290416666666666,0.016653536494624102
Structured,holm,3,1.0,0.0,0.4385029682449546,1.0,1.0,0.0,0.4385029682449546,1.0,1.0,0.0,0.4385029682449546,1.0,0.0,0.0,0.0,0.0,15.333333333333334,0.6666666666666667,0.3290416666666666,0.016653536494624102
