Model,method,replications,reference_containment,reference_containment_mcse,reference_containment_lo,reference_containment_hi,containment_lower,containment_lower_mcse,containment_lower_lo,containment_lower_hi,containment_upper,containment_upper_mcse,containment_upper_lo,containment_upper_hi,reference_ARR,reference_ARR_mcse,reference_UCP,reference_UCP_mcse,reference_n_certified,reference_n_certified_mcse,ambiguous_environments,ambiguous_environments_mcse,reference_halfwidth_max,reference_halfwidth_max_mcse,inference_seconds,inference_seconds_mcse
Logistic regression,normal_bonferroni,3,1.0,0.0,0.4385029682449546,1.0,1.0,0.0,0.4385029682449546,1.0,1.0,0.0,0.4385029682449546,1.0,0.0,0.0,0.0,0.0,0.0,0.0,16.0,0.0,0.07712455271373894,0.0007322467811878749,0.00014413466669793706,5.000066197255382e-06
Logistic regression,multiplier,3,1.0,0.0,0.4385029682449546,1.0,1.0,0.0,0.4385029682449546,1.0,1.0,0.0,0.4385029682449546,1.0,0.0,0.0,0.0,0.0,0.0,0.0,16.0,0.0,0.07712455271373894,0.0007322467811878749,0.0004340029999336063,5.892061084117236e-05
Logistic regression,exact_bonferroni,3,1.0,0.0,0.4385029682449546,1.0,1.0,0.0,0.4385029682449546,1.0,1.0,0.0,0.4385029682449546,1.0,0.0,0.0,0.0,0.0,0.0,0.0,16.0,0.0,0.07712455271373894,0.0007322467811878749,0.00018628833337667552,5.047528033511997e-06
Logistic regression,hoeffding,3,1.0,0.0,0.4385029682449546,1.0,1.0,0.0,0.4385029682449546,1.0,1.0,0.0,0.4385029682449546,1.0,0.0,0.0,0.0,0.0,0.0,0.0,16.0,0.0,0.07712455271373894,0.0007322467811878749,4.903433333917443e-05,5.724632409284553e-07
Logistic regression,holm,3,1.0,0.0,0.4385029682449546,1.0,1.0,0.0,0.4385029682449546,1.0,1.0,0.0,0.4385029682449546,1.0,0.0,0.0,0.0,0.0,0.0,0.0,16.0,0.0,0.07712455271373894,0.0007322467811878749,0.00012905499996425837,1.1927043199022677e-05
HistGradientBoosting,normal_bonferroni,3,1.0,0.0,0.4385029682449546,1.0,1.0,0.0,0.4385029682449546,1.0,1.0,0.0,0.4385029682449546,1.0,0.0,0.0,0.0,0.0,0.0,0.0,15.666666666666666,0.3333333333333333,0.0771102798889277,0.0005916144988593642,0.00015622633335018085,1.0506250269204438e-05
HistGradientBoosting,multiplier,3,1.0,0.0,0.4385029682449546,1.0,1.0,0.0,0.4385029682449546,1.0,1.0,0.0,0.4385029682449546,1.0,0.0,0.0,0.0,0.0,0.0,0.0,15.666666666666666,0.3333333333333333,0.0771102798889277,0.0005916144988593642,0.00040620399992500705,3.7413702851002885e-05
HistGradientBoosting,exact_bonferroni,3,1.0,0.0,0.4385029682449546,1.0,1.0,0.0,0.4385029682449546,1.0,1.0,0.0,0.4385029682449546,1.0,0.0,0.0,0.0,0.0,0.0,0.0,15.666666666666666,0.3333333333333333,0.0771102798889277,0.0005916144988593642,0.00017304133340682407,2.1501527414286124e-06
HistGradientBoosting,hoeffding,3,1.0,0.0,0.4385029682449546,1.0,1.0,0.0,0.4385029682449546,1.0,1.0,0.0,0.4385029682449546,1.0,0.0,0.0,0.0,0.0,0.0,0.0,15.666666666666666,0.3333333333333333,0.0771102798889277,0.0005916144988593642,4.786899997573831e-05,1.7550594182080884e-07
HistGradientBoosting,holm,3,1.0,0.0,0.4385029682449546,1.0,1.0,0.0,0.4385029682449546,1.0,1.0,0.0,0.4385029682449546,1.0,0.0,0.0,0.0,0.0,0.0,0.0,15.666666666666666,0.3333333333333333,0.0771102798889277,0.0005916144988593642,0.00011713366658720285,2.346404553868496e-06
