reference_containment,reference_ARR,reference_UCP,reference_n_certified,reference_n_true_safe,containment_lower,containment_upper,ambiguous_environments,reference_halfwidth_max,rep,Model,method,inference_seconds
1.0,0.0,0.0,0,15,1.0,1.0,16,0.07756073726878462,0,Logistic regression,normal_bonferroni,0.0002411460000075749
1.0,0.0,0.0,0,15,1.0,1.0,16,0.07756073726878462,0,Logistic regression,multiplier,0.0005427500000223517
1.0,0.0,0.0,0,15,1.0,1.0,16,0.07756073726878462,0,Logistic regression,exact_bonferroni,0.0003486389998670347
1.0,0.0,0.0,0,15,1.0,1.0,16,0.07756073726878462,0,Logistic regression,hoeffding,8.334599988302216e-05
1.0,0.0,0.0,0,15,1.0,1.0,16,0.07756073726878462,0,Logistic regression,holm,0.00019947999999203603
1.0,0.0,0.0,0,16,1.0,1.0,15,0.0761739381623911,0,HistGradientBoosting,normal_bonferroni,0.0002502340000773984
1.0,0.0,0.0,0,16,1.0,1.0,15,0.0761739381623911,0,HistGradientBoosting,multiplier,0.000697076000051311
1.0,0.0,0.0,0,16,1.0,1.0,15,0.0761739381623911,0,HistGradientBoosting,exact_bonferroni,0.00031365400013783074
1.0,0.0,0.0,0,16,1.0,1.0,15,0.0761739381623911,0,HistGradientBoosting,hoeffding,8.121200016830699e-05
1.0,0.0,0.0,0,16,1.0,1.0,15,0.0761739381623911,0,HistGradientBoosting,holm,0.00021443800005727098
1.0,0.0,0.0,0,16,1.0,1.0,16,0.07569573201037705,1,Logistic regression,normal_bonferroni,0.00022360499997375882
1.0,0.0,0.0,0,16,1.0,1.0,16,0.07569573201037705,1,Logistic regression,multiplier,0.0005567870000504627
1.0,0.0,0.0,0,16,1.0,1.0,16,0.07569573201037705,1,Logistic regression,exact_bonferroni,0.00030480899999929534
1.0,0.0,0.0,0,16,1.0,1.0,16,0.07569573201037705,1,Logistic regression,hoeffding,8.148599999913131e-05
1.0,0.0,0.0,0,16,1.0,1.0,16,0.07569573201037705,1,Logistic regression,holm,0.0001883670001916471
1.0,0.0,0.0,0,16,1.0,1.0,16,0.07695197547403915,1,HistGradientBoosting,normal_bonferroni,0.00024759699999776785
1.0,0.0,0.0,0,16,1.0,1.0,16,0.07695197547403915,1,HistGradientBoosting,multiplier,0.000616974999957165
1.0,0.0,0.0,0,16,1.0,1.0,16,0.07695197547403915,1,HistGradientBoosting,exact_bonferroni,0.0003688849999434751
1.0,0.0,0.0,0,16,1.0,1.0,16,0.07695197547403915,1,HistGradientBoosting,hoeffding,8.791799996288319e-05
1.0,0.0,0.0,0,16,1.0,1.0,16,0.07695197547403915,1,HistGradientBoosting,holm,0.00021763399990959442
1.0,0.0,0.0,0,10,1.0,1.0,16,0.07811718886205515,2,Logistic regression,normal_bonferroni,0.0023842079999667476
1.0,0.0,0.0,0,10,1.0,1.0,16,0.07811718886205515,2,Logistic regression,multiplier,0.0005597919998763246
1.0,0.0,0.0,0,10,1.0,1.0,16,0.07811718886205515,2,Logistic regression,exact_bonferroni,0.00036675500018645835
1.0,0.0,0.0,0,10,1.0,1.0,16,0.07811718886205515,2,Logistic regression,hoeffding,8.725699990463909e-05
1.0,0.0,0.0,0,10,1.0,1.0,16,0.07811718886205515,2,Logistic regression,holm,0.0002443719999973837
1.0,0.0,0.0,0,9,1.0,1.0,16,0.07820492603035284,2,HistGradientBoosting,normal_bonferroni,0.0003414360000988381
1.0,0.0,0.0,0,9,1.0,1.0,16,0.07820492603035284,2,HistGradientBoosting,multiplier,0.0006104320000304142
1.0,0.0,0.0,0,9,1.0,1.0,16,0.07820492603035284,2,HistGradientBoosting,exact_bonferroni,0.00036526999997477105
1.0,0.0,0.0,0,9,1.0,1.0,16,0.07820492603035284,2,HistGradientBoosting,hoeffding,8.627700003671634e-05
1.0,0.0,0.0,0,9,1.0,1.0,16,0.07820492603035284,2,HistGradientBoosting,holm,0.00031945599994287477
