rep,Model,Missingness,Shift,reference_risk,lower,upper,n_reference,realized_missingness
0,Logistic regression,0.0,0.0,0.312,0.2402240311712314,0.390609020628264,500,0.0
0,Logistic regression,0.0,0.15,0.324,0.25126000887667865,0.40313587577620275,500,0.0
0,Logistic regression,0.0,0.3,0.342,0.26791829790161903,0.4218222488496973,500,0.0
0,Logistic regression,0.0,0.45,0.33,0.2567990583557124,0.40937832837661753,500,0.0
0,Logistic regression,0.1,0.0,0.308,0.23655808355284846,0.3864207450051604,500,0.10488888888888889
0,Logistic regression,0.1,0.15,0.332,0.2586484786865258,0.4114560873157535,500,0.10488888888888889
0,Logistic regression,0.1,0.3,0.35,0.2753610247391807,0.4300884016674374,500,0.10488888888888889
0,Logistic regression,0.1,0.45,0.336,0.26235188300897005,0.4156070587332238,500,0.10488888888888889
0,Logistic regression,0.2,0.0,0.312,0.2402240311712314,0.390609020628264,500,0.1991111111111111
0,Logistic regression,0.2,0.15,0.334,0.26049942251996555,0.4135323285217719,500,0.1991111111111111
0,Logistic regression,0.2,0.3,0.346,0.27163670473716445,0.4259582717484587,500,0.1991111111111111
0,Logistic regression,0.2,0.45,0.346,0.27163670473716445,0.4259582717484587,500,0.1991111111111111
0,Logistic regression,0.3,0.0,0.32,0.2475750584178138,0.3989665224385679,500,0.284
0,Logistic regression,0.3,0.15,0.348,0.27349812859268263,0.42802407037870416,500,0.284
0,Logistic regression,0.3,0.3,0.354,0.2790912106040325,0.4342126851416018,500,0.284
0,Logistic regression,0.3,0.45,0.35,0.2753610247391807,0.4300884016674374,500,0.284
0,HistGradientBoosting,0.0,0.0,0.266,0.198470941320495,0.3420405220368129,500,0.0
0,HistGradientBoosting,0.0,0.15,0.294,0.2237786737995748,0.37171060866617267,500,0.0
0,HistGradientBoosting,0.0,0.3,0.284,0.21470081015894069,0.3611533270229774,500,0.0
0,HistGradientBoosting,0.0,0.45,0.292,0.22195969559900797,0.3696025406609711,500,0.0
0,HistGradientBoosting,0.1,0.0,0.282,0.21289039863234935,0.35903673604846664,500,0.10488888888888889
0,HistGradientBoosting,0.1,0.15,0.29,0.22014240974393312,0.367492788721841,500,0.10488888888888889
0,HistGradientBoosting,0.1,0.3,0.286,0.2165129564271854,0.3632681923331691,500,0.10488888888888889
0,HistGradientBoosting,0.1,0.45,0.288,0.21832682652254315,0.3653813427218121,500,0.10488888888888889
0,HistGradientBoosting,0.2,0.0,0.302,0.23107131119359156,0.3801262371001737,500,0.1991111111111111
0,HistGradientBoosting,0.2,0.15,0.31,0.23839025323736815,0.3885156833921946,500,0.1991111111111111
0,HistGradientBoosting,0.2,0.3,0.31,0.23839025323736815,0.3885156833921946,500,0.1991111111111111
0,HistGradientBoosting,0.2,0.45,0.316,0.24389637807012685,0.3947909248381926,500,0.1991111111111111
0,HistGradientBoosting,0.3,0.0,0.302,0.23107131119359156,0.3801262371001737,500,0.284
0,HistGradientBoosting,0.3,0.15,0.318,0.24573493057879373,0.39687950801142663,500,0.284
0,HistGradientBoosting,0.3,0.3,0.326,0.2531048162634199,0.4052182296809408,500,0.284
0,HistGradientBoosting,0.3,0.45,0.328,0.2549511685087397,0.4072990448335219,500,0.284
1,Logistic regression,0.0,0.0,0.304,0.23289860364100817,0.3822260306104432,500,0.0
1,Logistic regression,0.0,0.15,0.298,0.2274216670786969,0.37592173240483107,500,0.0
1,Logistic regression,0.0,0.3,0.296,0.22559933425715786,0.37381700266800716,500,0.0
1,Logistic regression,0.0,0.45,0.274,0.20566632598206855,0.3505528930363126,500,0.0
1,Logistic regression,0.1,0.0,0.304,0.23289860364100817,0.3822260306104432,500,0.09644444444444444
1,Logistic regression,0.1,0.15,0.296,0.22559933425715786,0.37381700266800716,500,0.09644444444444444
1,Logistic regression,0.1,0.3,0.308,0.23655808355284846,0.3864207450051604,500,0.09644444444444444
1,Logistic regression,0.1,0.45,0.286,0.2165129564271854,0.3632681923331691,500,0.09644444444444444
1,Logistic regression,0.2,0.0,0.314,0.24205940888469857,0.39270076505094714,500,0.19333333333333333
1,Logistic regression,0.2,0.15,0.308,0.23655808355284846,0.3864207450051604,500,0.19333333333333333
1,Logistic regression,0.2,0.3,0.308,0.23655808355284846,0.3864207450051604,500,0.19333333333333333
1,Logistic regression,0.2,0.45,0.308,0.23655808355284846,0.3864207450051604,500,0.19333333333333333
1,Logistic regression,0.3,0.0,0.32,0.2475750584178138,0.3989665224385679,500,0.29644444444444445
1,Logistic regression,0.3,0.15,0.306,0.23472753075277977,0.3843241969667542,500,0.29644444444444445
1,Logistic regression,0.3,0.3,0.3,0.2292456625623784,0.37802480742687056,500,0.29644444444444445
1,Logistic regression,0.3,0.45,0.306,0.23472753075277977,0.3843241969667542,500,0.29644444444444445
1,HistGradientBoosting,0.0,0.0,0.288,0.21832682652254315,0.3653813427218121,500,0.0
1,HistGradientBoosting,0.0,0.15,0.278,0.20927482455901283,0.3547983330574757,500,0.0
1,HistGradientBoosting,0.0,0.3,0.308,0.23655808355284846,0.3864207450051604,500,0.0
1,HistGradientBoosting,0.0,0.45,0.314,0.24205940888469857,0.39270076505094714,500,0.0
1,HistGradientBoosting,0.1,0.0,0.29,0.22014240974393312,0.367492788721841,500,0.09644444444444444
1,HistGradientBoosting,0.1,0.15,0.29,0.22014240974393312,0.367492788721841,500,0.09644444444444444
1,HistGradientBoosting,0.1,0.3,0.318,0.24573493057879373,0.39687950801142663,500,0.09644444444444444
1,HistGradientBoosting,0.1,0.45,0.32,0.2475750584178138,0.3989665224385679,500,0.09644444444444444
1,HistGradientBoosting,0.2,0.0,0.298,0.2274216670786969,0.37592173240483107,500,0.19333333333333333
1,HistGradientBoosting,0.2,0.15,0.3,0.2292456625623784,0.37802480742687056,500,0.19333333333333333
1,HistGradientBoosting,0.2,0.3,0.322,0.24941675374714456,0.40105197583695745,500,0.19333333333333333
1,HistGradientBoosting,0.2,0.45,0.326,0.2531048162634199,0.4052182296809408,500,0.19333333333333333
1,HistGradientBoosting,0.3,0.0,0.302,0.23107131119359156,0.3801262371001737,500,0.29644444444444445
1,HistGradientBoosting,0.3,0.15,0.316,0.24389637807012685,0.3947909248381926,500,0.29644444444444445
1,HistGradientBoosting,0.3,0.3,0.332,0.2586484786865258,0.4114560873157535,500,0.29644444444444445
1,HistGradientBoosting,0.3,0.45,0.342,0.26791829790161903,0.4218222488496973,500,0.29644444444444445
2,Logistic regression,0.0,0.0,0.296,0.22559933425715786,0.37381700266800716,500,0.0
2,Logistic regression,0.0,0.15,0.306,0.23472753075277977,0.3843241969667542,500,0.0
2,Logistic regression,0.0,0.3,0.31,0.23839025323736815,0.3885156833921946,500,0.0
2,Logistic regression,0.0,0.45,0.33,0.2567990583557124,0.40937832837661753,500,0.0
2,Logistic regression,0.1,0.0,0.328,0.2549511685087397,0.4072990448335219,500,0.09955555555555555
2,Logistic regression,0.1,0.15,0.34,0.2660613272220025,0.4197520124790621,500,0.09955555555555555
2,Logistic regression,0.1,0.3,0.34,0.2660613272220025,0.4197520124790621,500,0.09955555555555555
2,Logistic regression,0.1,0.45,0.346,0.27163670473716445,0.4259582717484587,500,0.09955555555555555
2,Logistic regression,0.2,0.0,0.35,0.2753610247391807,0.4300884016674374,500,0.19955555555555557
2,Logistic regression,0.2,0.15,0.366,0.2903165176009429,0.4465508953250532,500,0.19955555555555557
2,Logistic regression,0.2,0.3,0.364,0.2884420444369131,0.4444981047724626,500,0.19955555555555557
2,Logistic regression,0.2,0.45,0.364,0.2884420444369131,0.4444981047724626,500,0.19955555555555557
2,Logistic regression,0.3,0.0,0.344,0.26977675914355104,0.4238909999025965,500,0.308
2,Logistic regression,0.3,0.15,0.362,0.2865689998520883,0.44244388986613675,500,0.308
2,Logistic regression,0.3,0.3,0.366,0.2903165176009429,0.4465508953250532,500,0.308
2,Logistic regression,0.3,0.45,0.364,0.2884420444369131,0.4444981047724626,500,0.308
2,HistGradientBoosting,0.0,0.0,0.32,0.2475750584178138,0.3989665224385679,500,0.0
2,HistGradientBoosting,0.0,0.15,0.342,0.26791829790161903,0.4218222488496973,500,0.0
2,HistGradientBoosting,0.0,0.3,0.342,0.26791829790161903,0.4218222488496973,500,0.0
2,HistGradientBoosting,0.0,0.45,0.368,0.29219241436132715,0.4486022664220328,500,0.0
2,HistGradientBoosting,0.1,0.0,0.328,0.2549511685087397,0.4072990448335219,500,0.09955555555555555
2,HistGradientBoosting,0.1,0.15,0.346,0.27163670473716445,0.4259582717484587,500,0.09955555555555555
2,HistGradientBoosting,0.1,0.3,0.352,0.2772253873226361,0.4321512713733549,500,0.09955555555555555
2,HistGradientBoosting,0.1,0.45,0.364,0.2884420444369131,0.4444981047724626,500,0.09955555555555555
2,HistGradientBoosting,0.2,0.0,0.346,0.27163670473716445,0.4259582717484587,500,0.19955555555555557
2,HistGradientBoosting,0.2,0.15,0.362,0.2865689998520883,0.44244388986613675,500,0.19955555555555557
2,HistGradientBoosting,0.2,0.3,0.364,0.2884420444369131,0.4444981047724626,500,0.19955555555555557
2,HistGradientBoosting,0.2,0.45,0.362,0.2865689998520883,0.44244388986613675,500,0.19955555555555557
2,HistGradientBoosting,0.3,0.0,0.346,0.27163670473716445,0.4259582717484587,500,0.308
2,HistGradientBoosting,0.3,0.15,0.35,0.2753610247391807,0.4300884016674374,500,0.308
2,HistGradientBoosting,0.3,0.3,0.358,0.28282721686860346,0.43833116688868035,500,0.308
2,HistGradientBoosting,0.3,0.45,0.35,0.2753610247391807,0.4300884016674374,500,0.308
