n,rho,baseline,replications,ARR_gain,ARR_gain_mcse
500,0.55,normal_bonferroni,5,0.0,0.0
1000,0.1,normal_bonferroni,5,0.014285714285714285,0.014285714285714285
1000,0.55,normal_bonferroni,5,0.0,0.0
1000,0.9,normal_bonferroni,5,0.02857142857142857,0.017496355305594128
5000,0.55,normal_bonferroni,5,0.0,0.0
500,0.55,exact_bonferroni,5,0.014285714285714285,0.014285714285714285
1000,0.1,exact_bonferroni,5,0.02857142857142857,0.02857142857142857
1000,0.55,exact_bonferroni,5,0.01428571428571429,0.01428571428571429
1000,0.9,exact_bonferroni,5,0.05714285714285714,0.026726124191242435
5000,0.55,exact_bonferroni,5,0.0,0.0
500,0.55,holm,5,0.014285714285714285,0.014285714285714285
1000,0.1,holm,5,0.02857142857142857,0.02857142857142857
1000,0.55,holm,5,0.0,0.0
1000,0.9,holm,5,0.04285714285714286,0.02857142857142857
5000,0.55,holm,5,0.0,0.0
