containment,ARR,UCP,n_certified,n_true_safe,n,rho,rep,method,inference_seconds,simultaneous_coverage
0.0,0.6428571428571429,0.1,10,14,500,0.55,0,pointwise,0.000266990000000078,0.0
1.0,0.35714285714285715,0.0,5,14,500,0.55,0,normal_bonferroni,0.00027480300013849046,1.0
1.0,0.35714285714285715,0.0,5,14,500,0.55,0,multiplier,0.0007716100001289306,0.0
1.0,0.35714285714285715,0.0,5,14,500,0.55,0,exact_bonferroni,0.00037018700004409766,1.0
1.0,0.07142857142857142,0.0,1,14,500,0.55,0,hoeffding,0.00011878899999828718,1.0
1.0,0.35714285714285715,0.0,5,14,500,0.55,0,holm,0.00025218100017809775,
1.0,0.5,0.0,7,14,500,0.55,1,pointwise,0.00027582400002756913,0.0
1.0,0.07142857142857142,0.0,1,14,500,0.55,1,normal_bonferroni,0.00020622600004571723,1.0
1.0,0.07142857142857142,0.0,1,14,500,0.55,1,multiplier,0.0007111489999260812,1.0
1.0,0.07142857142857142,0.0,1,14,500,0.55,1,exact_bonferroni,0.0003518609998991451,1.0
1.0,0.07142857142857142,0.0,1,14,500,0.55,1,hoeffding,0.00016146699999808334,1.0
1.0,0.07142857142857142,0.0,1,14,500,0.55,1,holm,0.00023641799998586066,
0.0,0.7142857142857143,0.09090909090909091,11,14,500,0.55,2,pointwise,0.00022628500005339447,0.0
1.0,0.21428571428571427,0.0,3,14,500,0.55,2,normal_bonferroni,0.0002017130000240286,0.0
1.0,0.21428571428571427,0.0,3,14,500,0.55,2,multiplier,0.0006998179999300191,0.0
1.0,0.14285714285714285,0.0,2,14,500,0.55,2,exact_bonferroni,0.0003673549999803072,0.0
1.0,0.0,0.0,0,14,500,0.55,2,hoeffding,0.00011874000006173446,1.0
1.0,0.14285714285714285,0.0,2,14,500,0.55,2,holm,0.00018811299992194108,
1.0,0.7142857142857143,0.0,10,14,500,0.55,3,pointwise,0.00024489199995514355,0.0
1.0,0.21428571428571427,0.0,3,14,500,0.55,3,normal_bonferroni,0.00020833100006711902,1.0
1.0,0.21428571428571427,0.0,3,14,500,0.55,3,multiplier,0.0007679060001919424,1.0
1.0,0.21428571428571427,0.0,3,14,500,0.55,3,exact_bonferroni,0.00033892400006152457,1.0
1.0,0.07142857142857142,0.0,1,14,500,0.55,3,hoeffding,0.00011358100005054439,1.0
1.0,0.21428571428571427,0.0,3,14,500,0.55,3,holm,0.00019780900015575753,
0.0,0.7857142857142857,0.15384615384615385,13,14,500,0.55,4,pointwise,0.00023327000008066534,0.0
1.0,0.42857142857142855,0.0,6,14,500,0.55,4,normal_bonferroni,0.00023849299986977712,0.0
1.0,0.42857142857142855,0.0,6,14,500,0.55,4,multiplier,0.0008747499998662533,0.0
1.0,0.42857142857142855,0.0,6,14,500,0.55,4,exact_bonferroni,0.00039336899999398156,0.0
1.0,0.21428571428571427,0.0,3,14,500,0.55,4,hoeffding,0.00016268700005639403,1.0
1.0,0.42857142857142855,0.0,6,14,500,0.55,4,holm,0.00020783800005119701,
1.0,0.42857142857142855,0.0,6,14,1000,0.55,0,pointwise,0.000375162999944223,1.0
1.0,0.14285714285714285,0.0,2,14,1000,0.55,0,normal_bonferroni,0.00029019300018262584,1.0
1.0,0.14285714285714285,0.0,2,14,1000,0.55,0,multiplier,0.0022310839999590826,1.0
1.0,0.14285714285714285,0.0,2,14,1000,0.55,0,exact_bonferroni,0.0004986550000012357,1.0
1.0,0.07142857142857142,0.0,1,14,1000,0.55,0,hoeffding,0.00028676700003416045,1.0
1.0,0.14285714285714285,0.0,2,14,1000,0.55,0,holm,0.00025695299996186804,
1.0,0.5,0.0,7,14,1000,0.55,1,pointwise,0.00030353500005730893,0.0
1.0,0.14285714285714285,0.0,2,14,1000,0.55,1,normal_bonferroni,0.0003323640000871819,1.0
1.0,0.14285714285714285,0.0,2,14,1000,0.55,1,multiplier,0.0009007250000649947,1.0
1.0,0.14285714285714285,0.0,2,14,1000,0.55,1,exact_bonferroni,0.0004889389999789273,1.0
1.0,0.0,0.0,0,14,1000,0.55,1,hoeffding,0.0002568029999565624,1.0
1.0,0.14285714285714285,0.0,2,14,1000,0.55,1,holm,0.0002492739999979676,
1.0,0.5,0.0,7,14,1000,0.55,2,pointwise,0.00030639999999948486,0.0
1.0,0.21428571428571427,0.0,3,14,1000,0.55,2,normal_bonferroni,0.0002762130000064644,1.0
1.0,0.21428571428571427,0.0,3,14,1000,0.55,2,multiplier,0.0008933480000905547,1.0
1.0,0.21428571428571427,0.0,3,14,1000,0.55,2,exact_bonferroni,0.0004689510001298913,1.0
1.0,0.07142857142857142,0.0,1,14,1000,0.55,2,hoeffding,0.0001860980000856216,1.0
1.0,0.21428571428571427,0.0,3,14,1000,0.55,2,holm,0.00021496099998330465,
1.0,0.5714285714285714,0.0,8,14,1000,0.55,3,pointwise,0.0002901069999552419,0.0
1.0,0.35714285714285715,0.0,5,14,1000,0.55,3,normal_bonferroni,0.00031061699996826064,1.0
1.0,0.35714285714285715,0.0,5,14,1000,0.55,3,multiplier,0.0008475080001062452,1.0
1.0,0.35714285714285715,0.0,5,14,1000,0.55,3,exact_bonferroni,0.0004867899999680958,1.0
1.0,0.07142857142857142,0.0,1,14,1000,0.55,3,hoeffding,0.00018274300009579747,1.0
1.0,0.35714285714285715,0.0,5,14,1000,0.55,3,holm,0.00021403799996733142,
1.0,0.5,0.0,7,14,1000,0.55,4,pointwise,0.0003366490000189515,1.0
1.0,0.35714285714285715,0.0,5,14,1000,0.55,4,normal_bonferroni,0.0002789499999380496,1.0
1.0,0.35714285714285715,0.0,5,14,1000,0.55,4,multiplier,0.0008774819998507155,1.0
1.0,0.2857142857142857,0.0,4,14,1000,0.55,4,exact_bonferroni,0.0004445120000582392,1.0
1.0,0.0,0.0,0,14,1000,0.55,4,hoeffding,0.00018902900001194212,1.0
1.0,0.35714285714285715,0.0,5,14,1000,0.55,4,holm,0.0002621610001369845,
1.0,0.5714285714285714,0.0,8,14,5000,0.55,0,pointwise,0.00503849500000797,1.0
1.0,0.35714285714285715,0.0,5,14,5000,0.55,0,normal_bonferroni,0.0009483290000389388,1.0
1.0,0.35714285714285715,0.0,5,14,5000,0.55,0,multiplier,0.011037964000024658,1.0
1.0,0.35714285714285715,0.0,5,14,5000,0.55,0,exact_bonferroni,0.004822907000061605,1.0
1.0,0.35714285714285715,0.0,5,14,5000,0.55,0,hoeffding,0.0007883700000093086,1.0
1.0,0.35714285714285715,0.0,5,14,5000,0.55,0,holm,0.00042602300004546123,
1.0,0.8571428571428571,0.0,12,14,5000,0.55,1,pointwise,0.0009271549999994022,0.0
1.0,0.6428571428571429,0.0,9,14,5000,0.55,1,normal_bonferroni,0.0013719480000418116,1.0
1.0,0.6428571428571429,0.0,9,14,5000,0.55,1,multiplier,0.010171752000132983,1.0
1.0,0.6428571428571429,0.0,9,14,5000,0.55,1,exact_bonferroni,0.0015978679998625012,1.0
1.0,0.5714285714285714,0.0,8,14,5000,0.55,1,hoeffding,0.0007883960001890955,1.0
1.0,0.6428571428571429,0.0,9,14,5000,0.55,1,holm,0.0003852540000934823,
1.0,0.7142857142857143,0.0,10,14,5000,0.55,2,pointwise,0.004498677000128737,1.0
1.0,0.5714285714285714,0.0,8,14,5000,0.55,2,normal_bonferroni,0.000988248000112435,1.0
1.0,0.5714285714285714,0.0,8,14,5000,0.55,2,multiplier,0.010266785999874628,1.0
1.0,0.5714285714285714,0.0,8,14,5000,0.55,2,exact_bonferroni,0.0048364589999891905,1.0
1.0,0.42857142857142855,0.0,6,14,5000,0.55,2,hoeffding,0.0008720700000139914,1.0
1.0,0.5714285714285714,0.0,8,14,5000,0.55,2,holm,0.00040301399985764874,
1.0,0.7142857142857143,0.0,10,14,5000,0.55,3,pointwise,0.00092099599987705,1.0
1.0,0.5,0.0,7,14,5000,0.55,3,normal_bonferroni,0.0009816570000111824,1.0
1.0,0.5,0.0,7,14,5000,0.55,3,multiplier,0.009758851000015056,1.0
1.0,0.5,0.0,7,14,5000,0.55,3,exact_bonferroni,0.0017245589999674849,1.0
1.0,0.42857142857142855,0.0,6,14,5000,0.55,3,hoeffding,0.0009570419999818114,1.0
1.0,0.5,0.0,7,14,5000,0.55,3,holm,0.0003841669999928854,
1.0,0.7142857142857143,0.0,10,14,5000,0.55,4,pointwise,0.00406828600011977,0.0
1.0,0.6428571428571429,0.0,9,14,5000,0.55,4,normal_bonferroni,0.0009487489999173704,1.0
1.0,0.6428571428571429,0.0,9,14,5000,0.55,4,multiplier,0.010737067999798455,1.0
1.0,0.6428571428571429,0.0,9,14,5000,0.55,4,exact_bonferroni,0.0046009630000298785,1.0
1.0,0.5714285714285714,0.0,8,14,5000,0.55,4,hoeffding,0.000759669999979451,1.0
1.0,0.6428571428571429,0.0,9,14,5000,0.55,4,holm,0.00044188700007907755,
1.0,0.5,0.0,7,14,1000,0.1,0,pointwise,0.0006809819999489264,0.0
1.0,0.21428571428571427,0.0,3,14,1000,0.1,0,normal_bonferroni,0.00029704400003538467,1.0
1.0,0.2857142857142857,0.0,4,14,1000,0.1,0,multiplier,0.0026479650000510446,1.0
1.0,0.14285714285714285,0.0,2,14,1000,0.1,0,exact_bonferroni,0.000457948000075703,1.0
1.0,0.07142857142857142,0.0,1,14,1000,0.1,0,hoeffding,0.0001823970001169073,1.0
1.0,0.14285714285714285,0.0,2,14,1000,0.1,0,holm,0.00029084900006637326,
1.0,0.7857142857142857,0.0,11,14,1000,0.1,1,pointwise,0.00031469600003219966,0.0
1.0,0.35714285714285715,0.0,5,14,1000,0.1,1,normal_bonferroni,0.0002780520001124387,1.0
1.0,0.35714285714285715,0.0,5,14,1000,0.1,1,multiplier,0.0009824819999266765,1.0
1.0,0.35714285714285715,0.0,5,14,1000,0.1,1,exact_bonferroni,0.0004930610000428715,1.0
1.0,0.21428571428571427,0.0,3,14,1000,0.1,1,hoeffding,0.0001866520001385652,1.0
1.0,0.35714285714285715,0.0,5,14,1000,0.1,1,holm,0.00021729500008405012,
1.0,0.42857142857142855,0.0,6,14,1000,0.1,2,pointwise,0.0002911100000346778,1.0
1.0,0.07142857142857142,0.0,1,14,1000,0.1,2,normal_bonferroni,0.00033251799982281227,1.0
1.0,0.07142857142857142,0.0,1,14,1000,0.1,2,multiplier,0.0009086799998385686,1.0
1.0,0.07142857142857142,0.0,1,14,1000,0.1,2,exact_bonferroni,0.0004850810000789352,1.0
1.0,0.07142857142857142,0.0,1,14,1000,0.1,2,hoeffding,0.00026670199986256193,1.0
1.0,0.07142857142857142,0.0,1,14,1000,0.1,2,holm,0.00031198200008475396,
1.0,0.5714285714285714,0.0,8,14,1000,0.1,3,pointwise,0.00030479700012620015,1.0
1.0,0.21428571428571427,0.0,3,14,1000,0.1,3,normal_bonferroni,0.0002748570000221662,1.0
1.0,0.21428571428571427,0.0,3,14,1000,0.1,3,multiplier,0.0009141099999396829,1.0
1.0,0.21428571428571427,0.0,3,14,1000,0.1,3,exact_bonferroni,0.00047595900014130166,1.0
1.0,0.0,0.0,0,14,1000,0.1,3,hoeffding,0.00018231700005344464,1.0
1.0,0.21428571428571427,0.0,3,14,1000,0.1,3,holm,0.0002677679999578686,
1.0,0.5714285714285714,0.0,8,14,1000,0.1,4,pointwise,0.0003080039998621942,0.0
1.0,0.14285714285714285,0.0,2,14,1000,0.1,4,normal_bonferroni,0.00032074499995360384,1.0
1.0,0.14285714285714285,0.0,2,14,1000,0.1,4,multiplier,0.0008813859999463602,1.0
1.0,0.14285714285714285,0.0,2,14,1000,0.1,4,exact_bonferroni,0.00043452999989312957,1.0
1.0,0.14285714285714285,0.0,2,14,1000,0.1,4,hoeffding,0.0001791879999473167,1.0
1.0,0.14285714285714285,0.0,2,14,1000,0.1,4,holm,0.00021058999982415116,
1.0,0.5714285714285714,0.0,8,14,1000,0.9,0,pointwise,0.00032554700010223314,1.0
1.0,0.21428571428571427,0.0,3,14,1000,0.9,0,normal_bonferroni,0.0002733960000114166,1.0
1.0,0.2857142857142857,0.0,4,14,1000,0.9,0,multiplier,0.000858851999964827,1.0
1.0,0.21428571428571427,0.0,3,14,1000,0.9,0,exact_bonferroni,0.0004560209999908693,1.0
1.0,0.21428571428571427,0.0,3,14,1000,0.9,0,hoeffding,0.0002694790000532521,1.0
1.0,0.21428571428571427,0.0,3,14,1000,0.9,0,holm,0.00027061700006925093,
1.0,0.6428571428571429,0.0,9,14,1000,0.9,1,pointwise,0.000381358999902659,0.0
1.0,0.42857142857142855,0.0,6,14,1000,0.9,1,normal_bonferroni,0.00032405100000687526,1.0
1.0,0.42857142857142855,0.0,6,14,1000,0.9,1,multiplier,0.0008427850000316539,1.0
1.0,0.42857142857142855,0.0,6,14,1000,0.9,1,exact_bonferroni,0.0004886179999630258,1.0
1.0,0.14285714285714285,0.0,2,14,1000,0.9,1,hoeffding,0.00026254399995195854,1.0
1.0,0.42857142857142855,0.0,6,14,1000,0.9,1,holm,0.00026092799998878036,
1.0,0.42857142857142855,0.0,6,14,1000,0.9,2,pointwise,0.00033468000015091093,1.0
1.0,0.2857142857142857,0.0,4,14,1000,0.9,2,normal_bonferroni,0.00031941099996402045,1.0
1.0,0.2857142857142857,0.0,4,14,1000,0.9,2,multiplier,0.0008778960000199731,1.0
1.0,0.21428571428571427,0.0,3,14,1000,0.9,2,exact_bonferroni,0.00044675200001620397,1.0
1.0,0.21428571428571427,0.0,3,14,1000,0.9,2,hoeffding,0.0002184030001899373,1.0
1.0,0.2857142857142857,0.0,4,14,1000,0.9,2,holm,0.00022108600001047307,
1.0,0.2857142857142857,0.0,4,14,1000,0.9,3,pointwise,0.00035398800014263543,1.0
1.0,0.14285714285714285,0.0,2,14,1000,0.9,3,normal_bonferroni,0.0002758499999799824,1.0
1.0,0.21428571428571427,0.0,3,14,1000,0.9,3,multiplier,0.0009255359998405766,1.0
1.0,0.07142857142857142,0.0,1,14,1000,0.9,3,exact_bonferroni,0.00048466499993082834,1.0
1.0,0.0,0.0,0,14,1000,0.9,3,hoeffding,0.00018313999999008956,1.0
1.0,0.07142857142857142,0.0,1,14,1000,0.9,3,holm,0.00024206199987020227,
1.0,0.35714285714285715,0.0,5,14,1000,0.9,4,pointwise,0.0003292389999387524,1.0
1.0,0.14285714285714285,0.0,2,14,1000,0.9,4,normal_bonferroni,0.0002784380001230602,1.0
1.0,0.14285714285714285,0.0,2,14,1000,0.9,4,multiplier,0.0008515819999956875,1.0
1.0,0.14285714285714285,0.0,2,14,1000,0.9,4,exact_bonferroni,0.0004764400000567548,1.0
1.0,0.07142857142857142,0.0,1,14,1000,0.9,4,hoeffding,0.00018740499990599346,1.0
1.0,0.14285714285714285,0.0,2,14,1000,0.9,4,holm,0.0002470609999818407,
