n,rho,method,replications,simultaneous_coverage,simultaneous_coverage_mcse,simultaneous_coverage_lo,simultaneous_coverage_hi,containment,containment_mcse,containment_lo,containment_hi,ARR,ARR_mcse,UCP,UCP_mcse,inference_seconds,inference_seconds_mcse
500,0.55,pointwise,5,0.0,0.0,0.0,0.43448246478317476,0.4,0.24494897427831783,0.11762077423264783,0.769275718723987,0.6714285714285715,0.04844521416518048,0.06895104895104895,0.030134586529370247,0.00014492519994746544,6.59732201488424e-06
500,0.55,normal_bonferroni,5,0.6,0.24494897427831783,0.2307242812760128,0.882379225767352,1.0,0.0,0.5655175352168251,1.0,0.2571428571428572,0.0622699849077239,0.0,0.0,0.00014644959996985564,3.095714711065519e-05
500,0.55,multiplier,5,0.4,0.24494897427831783,0.11762077423264783,0.769275718723987,1.0,0.0,0.5655175352168251,1.0,0.2571428571428572,0.0622699849077239,0.0,0.0,0.0004224946000249474,1.271408414999163e-05
500,0.55,exact_bonferroni,5,0.6,0.24494897427831783,0.2307242812760128,0.882379225767352,1.0,0.0,0.5655175352168251,1.0,0.24285714285714283,0.0662401321106836,0.0,0.0,0.0002140953999969497,1.730729041033534e-05
500,0.55,hoeffding,5,1.0,0.0,0.5655175352168251,1.0,1.0,0.0,0.5655175352168251,1.0,0.08571428571428572,0.034992710611188256,0.0,0.0,6.588379997083394e-05,1.3037847444622494e-06
500,0.55,holm,5,,,,,1.0,0.0,0.5655175352168251,1.0,0.24285714285714283,0.0662401321106836,0.0,0.0,0.00018993539997609333,6.326272602677485e-05
1000,0.55,pointwise,5,0.4,0.24494897427831783,0.11762077423264783,0.769275718723987,1.0,0.0,0.5655175352168251,1.0,0.5,0.02258769757263128,0.0,0.0,0.00016398600000684383,2.0166685064163557e-06
1000,0.55,normal_bonferroni,5,1.0,0.0,0.5655175352168251,1.0,1.0,0.0,0.5655175352168251,1.0,0.24285714285714288,0.04844521416518049,0.0,0.0,0.00015188359998319356,6.447997207553823e-06
1000,0.55,multiplier,5,1.0,0.0,0.5655175352168251,1.0,1.0,0.0,0.5655175352168251,1.0,0.24285714285714288,0.04844521416518049,0.0,0.0,0.0005523412000457029,4.2294820280670196e-05
1000,0.55,exact_bonferroni,5,1.0,0.0,0.5655175352168251,1.0,1.0,0.0,0.5655175352168251,1.0,0.22857142857142856,0.041649656391752145,0.0,0.0,0.00023783359997651133,1.5109368830039273e-06
1000,0.55,hoeffding,5,1.0,0.0,0.5655175352168251,1.0,1.0,0.0,0.5655175352168251,1.0,0.04285714285714286,0.017496355305594128,0.0,0.0,9.784999997464183e-05,6.865779042852898e-07
1000,0.55,holm,5,,,,,1.0,0.0,0.5655175352168251,1.0,0.24285714285714288,0.04844521416518049,0.0,0.0,0.0001349017999928037,1.3019089366234943e-05
5000,0.55,pointwise,5,0.6,0.24494897427831783,0.2307242812760128,0.882379225767352,1.0,0.0,0.5655175352168251,1.0,0.7142857142857143,0.04517539514526256,0.0,0.0,0.0005241104000106133,3.319903675385353e-05
5000,0.55,normal_bonferroni,5,1.0,0.0,0.5655175352168251,1.0,1.0,0.0,0.5655175352168251,1.0,0.5428571428571428,0.05345224838248488,0.0,0.0,0.0004322935999425681,2.6235008259425735e-06
5000,0.55,multiplier,5,1.0,0.0,0.5655175352168251,1.0,1.0,0.0,0.5655175352168251,1.0,0.5428571428571428,0.05345224838248488,0.0,0.0,0.0017607500000394794,4.2559868608461305e-05
5000,0.55,exact_bonferroni,5,1.0,0.0,0.5655175352168251,1.0,1.0,0.0,0.5655175352168251,1.0,0.5428571428571428,0.05345224838248488,0.0,0.0,0.0008147355999881256,6.596599044560433e-05
5000,0.55,hoeffding,5,1.0,0.0,0.5655175352168251,1.0,1.0,0.0,0.5655175352168251,1.0,0.4714285714285714,0.042857142857142844,0.0,0.0,0.0003899451999586745,5.978949166539275e-06
5000,0.55,holm,5,,,,,1.0,0.0,0.5655175352168251,1.0,0.5428571428571428,0.05345224838248488,0.0,0.0,0.000210622400027205,4.110628493537471e-06
1000,0.1,pointwise,5,0.4,0.24494897427831783,0.11762077423264783,0.769275718723987,1.0,0.0,0.5655175352168251,1.0,0.5714285714285714,0.05976143046671968,0.0,0.0,0.00016927579999901355,5.011945464381315e-06
1000,0.1,normal_bonferroni,5,1.0,0.0,0.5655175352168251,1.0,1.0,0.0,0.5655175352168251,1.0,0.2,0.04738035414793428,0.0,0.0,0.00015176339998106413,4.367674361659551e-06
1000,0.1,multiplier,5,1.0,0.0,0.5655175352168251,1.0,1.0,0.0,0.5655175352168251,1.0,0.21428571428571427,0.05050762722761054,0.0,0.0,0.0010973509999985254,0.00040257265814054745
1000,0.1,exact_bonferroni,5,1.0,0.0,0.5655175352168251,1.0,1.0,0.0,0.5655175352168251,1.0,0.18571428571428572,0.04844521416518048,0.0,0.0,0.0002770646000044508,1.0333316150875286e-05
1000,0.1,hoeffding,5,1.0,0.0,0.5655175352168251,1.0,1.0,0.0,0.5655175352168251,1.0,0.09999999999999999,0.03642156795423417,0.0,0.0,0.00010218639995400736,1.3454566723355509e-06
1000,0.1,holm,5,,,,,1.0,0.0,0.5655175352168251,1.0,0.18571428571428572,0.04844521416518048,0.0,0.0,0.00011883559991474613,2.0518107354401794e-06
1000,0.9,pointwise,5,0.8,0.20000000000000004,0.37553462976252533,0.9637758913675698,1.0,0.0,0.5655175352168251,1.0,0.4571428571428572,0.06624013211068361,0.0,0.0,0.00022530059995915508,2.9085785868384487e-05
1000,0.9,normal_bonferroni,5,1.0,0.0,0.5655175352168251,1.0,1.0,0.0,0.5655175352168251,1.0,0.24285714285714283,0.053452248382484864,0.0,0.0,0.00015562739995402807,7.117470518840088e-06
1000,0.9,multiplier,5,1.0,0.0,0.5655175352168251,1.0,1.0,0.0,0.5655175352168251,1.0,0.2714285714285714,0.047380354147934275,0.0,0.0,0.0005160563999652368,8.376116338533255e-06
1000,0.9,exact_bonferroni,5,1.0,0.0,0.5655175352168251,1.0,1.0,0.0,0.5655175352168251,1.0,0.21428571428571427,0.05976143046671968,0.0,0.0,0.0002926163999745768,2.892895677369322e-05
1000,0.9,hoeffding,5,1.0,0.0,0.5655175352168251,1.0,1.0,0.0,0.5655175352168251,1.0,0.12857142857142856,0.041649656391752145,0.0,0.0,0.00010600800001157041,5.441772781803592e-06
1000,0.9,holm,5,,,,,1.0,0.0,0.5655175352168251,1.0,0.22857142857142856,0.061445180478875906,0.0,0.0,0.00014606839995394693,2.8937105123356808e-05
