scenario,method,replications,simultaneous_coverage,simultaneous_coverage_mcse,simultaneous_coverage_lo,simultaneous_coverage_hi,containment,containment_mcse,containment_lo,containment_hi,ARR,ARR_mcse,UCP,UCP_mcse
bounded_continuous,pointwise,10,0.2,0.13333333333333333,0.05668215145437519,0.5098375284633583,1.0,0.0,0.7224672001371107,0.9999999999999999,0.6714285714285714,0.03400680204068023,0.0,0.0
bounded_continuous,normal_bonferroni,10,1.0,0.0,0.7224672001371107,0.9999999999999999,1.0,0.0,0.7224672001371107,0.9999999999999999,0.4928571428571429,0.012821820969367867,0.0,0.0
bounded_continuous,multiplier,10,0.9,0.09999999999999999,0.5958499732047615,0.9821237869049271,1.0,0.0,0.7224672001371107,0.9999999999999999,0.4928571428571429,0.012821820969367867,0.0,0.0
bounded_continuous,hoeffding,10,1.0,0.0,0.7224672001371107,0.9999999999999999,1.0,0.0,0.7224672001371107,0.9999999999999999,0.014285714285714285,0.009523809523809523,0.0,0.0
rare_binary,pointwise,10,0.5,0.16666666666666666,0.236593090512564,0.7634069094874361,1.0,0.0,0.7224672001371107,0.9999999999999999,0.6090909090909091,0.04076855771840518,0.0,0.0
rare_binary,normal_bonferroni,10,0.7,0.15275252316519464,0.39677814746114537,0.8922087325936989,1.0,0.0,0.7224672001371107,0.9999999999999999,0.44545454545454544,0.028587821612292737,0.0,0.0
rare_binary,multiplier,10,0.7,0.15275252316519464,0.39677814746114537,0.8922087325936989,1.0,0.0,0.7224672001371107,0.9999999999999999,0.46363636363636357,0.03441762633818347,0.0,0.0
rare_binary,exact_bonferroni,10,1.0,0.0,0.7224672001371107,0.9999999999999999,1.0,0.0,0.7224672001371107,0.9999999999999999,0.37272727272727274,0.01631868123374092,0.0,0.0
rare_binary,hoeffding,10,1.0,0.0,0.7224672001371107,0.9999999999999999,1.0,0.0,0.7224672001371107,0.9999999999999999,0.0,0.0,0.0,0.0
rare_binary,holm,10,,,,,1.0,0.0,0.7224672001371107,0.9999999999999999,0.37272727272727274,0.01631868123374092,0.0,0.0
high_dimensional_binary,pointwise,10,0.2,0.13333333333333333,0.05668215145437519,0.5098375284633583,0.9,0.09999999999999999,0.5958499732047615,0.9821237869049271,0.5057142857142857,0.05890920797787472,0.0019230769230769232,0.001923076923076923
high_dimensional_binary,normal_bonferroni,10,1.0,0.0,0.7224672001371107,0.9999999999999999,1.0,0.0,0.7224672001371107,0.9999999999999999,0.19428571428571426,0.030282120182065986,0.0,0.0
high_dimensional_binary,multiplier,10,0.9,0.09999999999999999,0.5958499732047615,0.9821237869049271,1.0,0.0,0.7224672001371107,0.9999999999999999,0.2214285714285714,0.03905052254013506,0.0,0.0
high_dimensional_binary,exact_bonferroni,10,1.0,0.0,0.7224672001371107,0.9999999999999999,1.0,0.0,0.7224672001371107,0.9999999999999999,0.17714285714285713,0.027288664346465524,0.0,0.0
high_dimensional_binary,hoeffding,10,1.0,0.0,0.7224672001371107,0.9999999999999999,1.0,0.0,0.7224672001371107,0.9999999999999999,0.08571428571428572,0.019977311393717175,0.0,0.0
high_dimensional_binary,holm,10,,,,,1.0,0.0,0.7224672001371107,0.9999999999999999,0.18714285714285714,0.028922446931543264,0.0,0.0
