containment,ARR,UCP,n_certified,n_true_safe,rep,scenario,n,K,method,simultaneous_coverage
1.0,0.6428571428571429,0.0,9,14,0,bounded_continuous,500,25,pointwise,1.0
1.0,0.5,0.0,7,14,0,bounded_continuous,500,25,normal_bonferroni,1.0
1.0,0.5,0.0,7,14,0,bounded_continuous,500,25,multiplier,1.0
1.0,0.0,0.0,0,14,0,bounded_continuous,500,25,hoeffding,1.0
1.0,0.7857142857142857,0.0,11,14,1,bounded_continuous,500,25,pointwise,0.0
1.0,0.5,0.0,7,14,1,bounded_continuous,500,25,normal_bonferroni,1.0
1.0,0.5,0.0,7,14,1,bounded_continuous,500,25,multiplier,1.0
1.0,0.0,0.0,0,14,1,bounded_continuous,500,25,hoeffding,1.0
1.0,0.5714285714285714,0.0,8,14,2,bounded_continuous,500,25,pointwise,0.0
1.0,0.5,0.0,7,14,2,bounded_continuous,500,25,normal_bonferroni,1.0
1.0,0.5,0.0,7,14,2,bounded_continuous,500,25,multiplier,0.0
1.0,0.0,0.0,0,14,2,bounded_continuous,500,25,hoeffding,1.0
1.0,0.8571428571428571,0.0,12,14,3,bounded_continuous,500,25,pointwise,0.0
1.0,0.42857142857142855,0.0,6,14,3,bounded_continuous,500,25,normal_bonferroni,1.0
1.0,0.42857142857142855,0.0,6,14,3,bounded_continuous,500,25,multiplier,1.0
1.0,0.0,0.0,0,14,3,bounded_continuous,500,25,hoeffding,1.0
1.0,0.5714285714285714,0.0,8,14,4,bounded_continuous,500,25,pointwise,0.0
1.0,0.5,0.0,7,14,4,bounded_continuous,500,25,normal_bonferroni,1.0
1.0,0.5,0.0,7,14,4,bounded_continuous,500,25,multiplier,1.0
1.0,0.0,0.0,0,14,4,bounded_continuous,500,25,hoeffding,1.0
1.0,0.5714285714285714,0.0,8,14,5,bounded_continuous,500,25,pointwise,0.0
1.0,0.5,0.0,7,14,5,bounded_continuous,500,25,normal_bonferroni,1.0
1.0,0.5,0.0,7,14,5,bounded_continuous,500,25,multiplier,1.0
1.0,0.0,0.0,0,14,5,bounded_continuous,500,25,hoeffding,1.0
1.0,0.7857142857142857,0.0,11,14,6,bounded_continuous,500,25,pointwise,0.0
1.0,0.5714285714285714,0.0,8,14,6,bounded_continuous,500,25,normal_bonferroni,1.0
1.0,0.5714285714285714,0.0,8,14,6,bounded_continuous,500,25,multiplier,1.0
1.0,0.07142857142857142,0.0,1,14,6,bounded_continuous,500,25,hoeffding,1.0
1.0,0.6428571428571429,0.0,9,14,7,bounded_continuous,500,25,pointwise,0.0
1.0,0.5,0.0,7,14,7,bounded_continuous,500,25,normal_bonferroni,1.0
1.0,0.5,0.0,7,14,7,bounded_continuous,500,25,multiplier,1.0
1.0,0.0,0.0,0,14,7,bounded_continuous,500,25,hoeffding,1.0
1.0,0.7142857142857143,0.0,10,14,8,bounded_continuous,500,25,pointwise,0.0
1.0,0.42857142857142855,0.0,6,14,8,bounded_continuous,500,25,normal_bonferroni,1.0
1.0,0.42857142857142855,0.0,6,14,8,bounded_continuous,500,25,multiplier,1.0
1.0,0.07142857142857142,0.0,1,14,8,bounded_continuous,500,25,hoeffding,1.0
1.0,0.5714285714285714,0.0,8,14,9,bounded_continuous,500,25,pointwise,1.0
1.0,0.5,0.0,7,14,9,bounded_continuous,500,25,normal_bonferroni,1.0
1.0,0.5,0.0,7,14,9,bounded_continuous,500,25,multiplier,1.0
1.0,0.0,0.0,0,14,9,bounded_continuous,500,25,hoeffding,1.0
1.0,0.45454545454545453,0.0,5,11,0,rare_binary,500,25,pointwise,1.0
1.0,0.36363636363636365,0.0,4,11,0,rare_binary,500,25,normal_bonferroni,1.0
1.0,0.36363636363636365,0.0,4,11,0,rare_binary,500,25,multiplier,1.0
1.0,0.36363636363636365,0.0,4,11,0,rare_binary,500,25,exact_bonferroni,1.0
1.0,0.0,0.0,0,11,0,rare_binary,500,25,hoeffding,1.0
1.0,0.36363636363636365,0.0,4,11,0,rare_binary,500,25,holm,
1.0,0.6363636363636364,0.0,7,11,1,rare_binary,500,25,pointwise,0.0
1.0,0.36363636363636365,0.0,4,11,1,rare_binary,500,25,normal_bonferroni,0.0
1.0,0.36363636363636365,0.0,4,11,1,rare_binary,500,25,multiplier,0.0
1.0,0.36363636363636365,0.0,4,11,1,rare_binary,500,25,exact_bonferroni,1.0
1.0,0.0,0.0,0,11,1,rare_binary,500,25,hoeffding,1.0
1.0,0.36363636363636365,0.0,4,11,1,rare_binary,500,25,holm,
1.0,0.36363636363636365,0.0,4,11,2,rare_binary,500,25,pointwise,1.0
1.0,0.36363636363636365,0.0,4,11,2,rare_binary,500,25,normal_bonferroni,1.0
1.0,0.36363636363636365,0.0,4,11,2,rare_binary,500,25,multiplier,1.0
1.0,0.36363636363636365,0.0,4,11,2,rare_binary,500,25,exact_bonferroni,1.0
1.0,0.0,0.0,0,11,2,rare_binary,500,25,hoeffding,1.0
1.0,0.36363636363636365,0.0,4,11,2,rare_binary,500,25,holm,
1.0,0.8181818181818182,0.0,9,11,3,rare_binary,500,25,pointwise,1.0
1.0,0.5454545454545454,0.0,6,11,3,rare_binary,500,25,normal_bonferroni,1.0
1.0,0.6363636363636364,0.0,7,11,3,rare_binary,500,25,multiplier,1.0
1.0,0.36363636363636365,0.0,4,11,3,rare_binary,500,25,exact_bonferroni,1.0
1.0,0.0,0.0,0,11,3,rare_binary,500,25,hoeffding,1.0
1.0,0.36363636363636365,0.0,4,11,3,rare_binary,500,25,holm,
1.0,0.6363636363636364,0.0,7,11,4,rare_binary,500,25,pointwise,0.0
1.0,0.45454545454545453,0.0,5,11,4,rare_binary,500,25,normal_bonferroni,1.0
1.0,0.45454545454545453,0.0,5,11,4,rare_binary,500,25,multiplier,1.0
1.0,0.2727272727272727,0.0,3,11,4,rare_binary,500,25,exact_bonferroni,1.0
1.0,0.0,0.0,0,11,4,rare_binary,500,25,hoeffding,1.0
1.0,0.2727272727272727,0.0,3,11,4,rare_binary,500,25,holm,
1.0,0.5454545454545454,0.0,6,11,5,rare_binary,500,25,pointwise,1.0
1.0,0.36363636363636365,0.0,4,11,5,rare_binary,500,25,normal_bonferroni,1.0
1.0,0.36363636363636365,0.0,4,11,5,rare_binary,500,25,multiplier,1.0
1.0,0.36363636363636365,0.0,4,11,5,rare_binary,500,25,exact_bonferroni,1.0
1.0,0.0,0.0,0,11,5,rare_binary,500,25,hoeffding,1.0
1.0,0.36363636363636365,0.0,4,11,5,rare_binary,500,25,holm,
1.0,0.7272727272727273,0.0,8,11,6,rare_binary,500,25,pointwise,0.0
1.0,0.6363636363636364,0.0,7,11,6,rare_binary,500,25,normal_bonferroni,0.0
1.0,0.6363636363636364,0.0,7,11,6,rare_binary,500,25,multiplier,0.0
1.0,0.45454545454545453,0.0,5,11,6,rare_binary,500,25,exact_bonferroni,1.0
1.0,0.0,0.0,0,11,6,rare_binary,500,25,hoeffding,1.0
1.0,0.45454545454545453,0.0,5,11,6,rare_binary,500,25,holm,
1.0,0.6363636363636364,0.0,7,11,7,rare_binary,500,25,pointwise,0.0
1.0,0.45454545454545453,0.0,5,11,7,rare_binary,500,25,normal_bonferroni,0.0
1.0,0.45454545454545453,0.0,5,11,7,rare_binary,500,25,multiplier,0.0
1.0,0.45454545454545453,0.0,5,11,7,rare_binary,500,25,exact_bonferroni,1.0
1.0,0.0,0.0,0,11,7,rare_binary,500,25,hoeffding,1.0
1.0,0.45454545454545453,0.0,5,11,7,rare_binary,500,25,holm,
1.0,0.6363636363636364,0.0,7,11,8,rare_binary,500,25,pointwise,0.0
1.0,0.45454545454545453,0.0,5,11,8,rare_binary,500,25,normal_bonferroni,1.0
1.0,0.5454545454545454,0.0,6,11,8,rare_binary,500,25,multiplier,1.0
1.0,0.36363636363636365,0.0,4,11,8,rare_binary,500,25,exact_bonferroni,1.0
1.0,0.0,0.0,0,11,8,rare_binary,500,25,hoeffding,1.0
1.0,0.36363636363636365,0.0,4,11,8,rare_binary,500,25,holm,
1.0,0.6363636363636364,0.0,7,11,9,rare_binary,500,25,pointwise,1.0
1.0,0.45454545454545453,0.0,5,11,9,rare_binary,500,25,normal_bonferroni,1.0
1.0,0.45454545454545453,0.0,5,11,9,rare_binary,500,25,multiplier,1.0
1.0,0.36363636363636365,0.0,4,11,9,rare_binary,500,25,exact_bonferroni,1.0
1.0,0.0,0.0,0,11,9,rare_binary,500,25,hoeffding,1.0
1.0,0.36363636363636365,0.0,4,11,9,rare_binary,500,25,holm,
1.0,0.4857142857142857,0.0,34,70,0,high_dimensional_binary,1000,125,pointwise,0.0
1.0,0.18571428571428572,0.0,13,70,0,high_dimensional_binary,1000,125,normal_bonferroni,1.0
1.0,0.18571428571428572,0.0,13,70,0,high_dimensional_binary,1000,125,multiplier,1.0
1.0,0.18571428571428572,0.0,13,70,0,high_dimensional_binary,1000,125,exact_bonferroni,1.0
1.0,0.1,0.0,7,70,0,high_dimensional_binary,1000,125,hoeffding,1.0
1.0,0.18571428571428572,0.0,13,70,0,high_dimensional_binary,1000,125,holm,
1.0,0.42857142857142855,0.0,30,70,1,high_dimensional_binary,1000,125,pointwise,0.0
1.0,0.12857142857142856,0.0,9,70,1,high_dimensional_binary,1000,125,normal_bonferroni,1.0
1.0,0.12857142857142856,0.0,9,70,1,high_dimensional_binary,1000,125,multiplier,1.0
1.0,0.11428571428571428,0.0,8,70,1,high_dimensional_binary,1000,125,exact_bonferroni,1.0
1.0,0.07142857142857142,0.0,5,70,1,high_dimensional_binary,1000,125,hoeffding,1.0
1.0,0.12857142857142856,0.0,9,70,1,high_dimensional_binary,1000,125,holm,
1.0,0.6142857142857143,0.0,43,70,2,high_dimensional_binary,1000,125,pointwise,0.0
1.0,0.2571428571428571,0.0,18,70,2,high_dimensional_binary,1000,125,normal_bonferroni,1.0
1.0,0.34285714285714286,0.0,24,70,2,high_dimensional_binary,1000,125,multiplier,1.0
1.0,0.24285714285714285,0.0,17,70,2,high_dimensional_binary,1000,125,exact_bonferroni,1.0
1.0,0.11428571428571428,0.0,8,70,2,high_dimensional_binary,1000,125,hoeffding,1.0
1.0,0.2571428571428571,0.0,18,70,2,high_dimensional_binary,1000,125,holm,
1.0,0.44285714285714284,0.0,31,70,3,high_dimensional_binary,1000,125,pointwise,0.0
1.0,0.2,0.0,14,70,3,high_dimensional_binary,1000,125,normal_bonferroni,1.0
1.0,0.22857142857142856,0.0,16,70,3,high_dimensional_binary,1000,125,multiplier,1.0
1.0,0.17142857142857143,0.0,12,70,3,high_dimensional_binary,1000,125,exact_bonferroni,1.0
1.0,0.08571428571428572,0.0,6,70,3,high_dimensional_binary,1000,125,hoeffding,1.0
1.0,0.2,0.0,14,70,3,high_dimensional_binary,1000,125,holm,
1.0,0.32857142857142857,0.0,23,70,4,high_dimensional_binary,1000,125,pointwise,1.0
1.0,0.1,0.0,7,70,4,high_dimensional_binary,1000,125,normal_bonferroni,1.0
1.0,0.11428571428571428,0.0,8,70,4,high_dimensional_binary,1000,125,multiplier,1.0
1.0,0.1,0.0,7,70,4,high_dimensional_binary,1000,125,exact_bonferroni,1.0
1.0,0.014285714285714285,0.0,1,70,4,high_dimensional_binary,1000,125,hoeffding,1.0
1.0,0.1,0.0,7,70,4,high_dimensional_binary,1000,125,holm,
1.0,0.3,0.0,21,70,5,high_dimensional_binary,1000,125,pointwise,1.0
1.0,0.1,0.0,7,70,5,high_dimensional_binary,1000,125,normal_bonferroni,1.0
1.0,0.11428571428571428,0.0,8,70,5,high_dimensional_binary,1000,125,multiplier,1.0
1.0,0.08571428571428572,0.0,6,70,5,high_dimensional_binary,1000,125,exact_bonferroni,1.0
1.0,0.014285714285714285,0.0,1,70,5,high_dimensional_binary,1000,125,hoeffding,1.0
1.0,0.08571428571428572,0.0,6,70,5,high_dimensional_binary,1000,125,holm,
1.0,0.35714285714285715,0.0,25,70,6,high_dimensional_binary,1000,125,pointwise,0.0
1.0,0.14285714285714285,0.0,10,70,6,high_dimensional_binary,1000,125,normal_bonferroni,1.0
1.0,0.14285714285714285,0.0,10,70,6,high_dimensional_binary,1000,125,multiplier,1.0
1.0,0.12857142857142856,0.0,9,70,6,high_dimensional_binary,1000,125,exact_bonferroni,1.0
1.0,0.02857142857142857,0.0,2,70,6,high_dimensional_binary,1000,125,hoeffding,1.0
1.0,0.14285714285714285,0.0,10,70,6,high_dimensional_binary,1000,125,holm,
0.0,0.7285714285714285,0.019230769230769232,52,70,7,high_dimensional_binary,1000,125,pointwise,0.0
1.0,0.37142857142857144,0.0,26,70,7,high_dimensional_binary,1000,125,normal_bonferroni,1.0
1.0,0.4,0.0,28,70,7,high_dimensional_binary,1000,125,multiplier,1.0
1.0,0.32857142857142857,0.0,23,70,7,high_dimensional_binary,1000,125,exact_bonferroni,1.0
1.0,0.2,0.0,14,70,7,high_dimensional_binary,1000,125,hoeffding,1.0
1.0,0.35714285714285715,0.0,25,70,7,high_dimensional_binary,1000,125,holm,
1.0,0.4857142857142857,0.0,34,70,8,high_dimensional_binary,1000,125,pointwise,0.0
1.0,0.12857142857142856,0.0,9,70,8,high_dimensional_binary,1000,125,normal_bonferroni,1.0
1.0,0.12857142857142856,0.0,9,70,8,high_dimensional_binary,1000,125,multiplier,1.0
1.0,0.11428571428571428,0.0,8,70,8,high_dimensional_binary,1000,125,exact_bonferroni,1.0
1.0,0.05714285714285714,0.0,4,70,8,high_dimensional_binary,1000,125,hoeffding,1.0
1.0,0.11428571428571428,0.0,8,70,8,high_dimensional_binary,1000,125,holm,
1.0,0.8857142857142857,0.0,62,70,9,high_dimensional_binary,1000,125,pointwise,0.0
1.0,0.32857142857142857,0.0,23,70,9,high_dimensional_binary,1000,125,normal_bonferroni,1.0
1.0,0.42857142857142855,0.0,30,70,9,high_dimensional_binary,1000,125,multiplier,0.0
1.0,0.3,0.0,21,70,9,high_dimensional_binary,1000,125,exact_bonferroni,1.0
1.0,0.17142857142857143,0.0,12,70,9,high_dimensional_binary,1000,125,hoeffding,1.0
1.0,0.3,0.0,21,70,9,high_dimensional_binary,1000,125,holm,
