Model,design,method,K,n,nominal_risk,critical,certified_008,certified_010,certified_fraction,inference_seconds
Logistic regression,primary,multiplier,36,200,0.01,2.7319151438678526,23,30,0.6388888888888888,0.0007915169999250793
Logistic regression,primary,normal_bonferroni,36,200,0.01,2.991316115183781,20,29,0.5555555555555556,0.00021535499990932294
Logistic regression,primary,exact_bonferroni,36,200,0.01,,15,23,0.4166666666666667,0.0002354060000016034
Logistic regression,primary,holm,36,200,0.01,,15,27,0.4166666666666667,0.00025995299984060694
Logistic regression,4x4,multiplier,16,200,0.01,2.5262504327774336,10,13,0.625,0.00039963399990483595
Logistic regression,4x4,normal_bonferroni,16,200,0.01,2.7343687865331767,10,13,0.625,0.0001624750000246422
Logistic regression,4x4,exact_bonferroni,16,200,0.01,,7,10,0.4375,0.00020023199999741337
Logistic regression,4x4,holm,16,200,0.01,,7,12,0.4375,0.00023890200009191176
Logistic regression,6x6,multiplier,36,200,0.01,2.685212329883548,23,30,0.6388888888888888,0.0008084520000011253
Logistic regression,6x6,normal_bonferroni,36,200,0.01,2.991316115183781,21,27,0.5833333333333334,0.00017167000009976618
Logistic regression,6x6,exact_bonferroni,36,200,0.01,,11,23,0.3055555555555556,0.0002751859999534645
Logistic regression,6x6,holm,36,200,0.01,,11,26,0.3055555555555556,0.00020980699991923757
Logistic regression,10x10,multiplier,100,200,0.01,2.684232773706367,69,86,0.69,0.0017595300000721181
Logistic regression,10x10,normal_bonferroni,100,200,0.01,3.2905267314919255,59,78,0.59,0.00020238599995536788
Logistic regression,10x10,exact_bonferroni,100,200,0.01,,23,59,0.23,0.00028836599994974677
Logistic regression,10x10,holm,100,200,0.01,,23,59,0.23,0.0002759370001967909
Extra Trees,primary,multiplier,36,200,0.035,2.750324250570431,11,17,0.3055555555555556,0.000987834000170551
Extra Trees,primary,normal_bonferroni,36,200,0.035,2.991316115183781,5,17,0.1388888888888889,0.00021823999986736453
Extra Trees,primary,exact_bonferroni,36,200,0.035,,0,11,0.0,0.0002565979998507828
Extra Trees,primary,holm,36,200,0.035,,0,11,0.0,0.0002334530001917301
HistGradientBoosting,primary,multiplier,36,200,0.06,2.6960006961890906,0,2,0.0,0.0008354330000202026
HistGradientBoosting,primary,normal_bonferroni,36,200,0.06,2.991316115183781,0,0,0.0,0.00021020799999860174
HistGradientBoosting,primary,exact_bonferroni,36,200,0.06,,0,0,0.0,0.0002895069999340194
HistGradientBoosting,primary,holm,36,200,0.06,,0,0,0.0,0.00024095399999168876
