Missingness,Shift,Risk
0.0,0.0,0.27303333333333335
0.0,0.15,0.2853366666666667
0.0,0.3,0.29939333333333334
0.0,0.45,0.31688
0.0,0.6,0.33859
0.1,0.0,0.2921533333333333
0.1,0.15,0.30314
0.1,0.3,0.31582333333333334
0.1,0.45,0.3316133333333333
0.1,0.6,0.35155
0.2,0.0,0.31051
0.2,0.15,0.32028
0.2,0.3,0.33169333333333334
0.2,0.45,0.34608333333333335
0.2,0.6,0.36413666666666666
0.3,0.0,0.32926666666666665
0.3,0.15,0.33791666666666664
0.3,0.3,0.3479433333333333
0.3,0.45,0.36062333333333335
0.3,0.6,0.37676
0.4,0.0,0.34797666666666666
0.4,0.15,0.35557333333333335
0.4,0.3,0.36447
0.4,0.45,0.37578333333333336
0.4,0.6,0.39015666666666665
